UpperName	miRGate.name	Accession	Name
HSA-LET-7E-5P	hsa-let-7e-5p	MIMAT0000066	hsa-let-7e-5p
HSA-LET-7I-3P	hsa-let-7i-3p	MIMAT0004585	hsa-let-7i-3p
HSA-MIR-100-5P	hsa-mir-100-5p	MIMAT0000098	hsa-miR-100-5p
HSA-MIR-103A-3P	hsa-mir-103a-3p	MIMAT0000101	hsa-miR-103a-3p
HSA-MIR-106B-3P	hsa-mir-106b-3p	MIMAT0004672	hsa-miR-106b-3p
HSA-MIR-107	hsa-mir-107	MIMAT0000104	hsa-miR-107
HSA-MIR-1178-3P	hsa-mir-1178-3p	MIMAT0005823	hsa-miR-1178-3p
HSA-MIR-1178-5P	hsa-mir-1178-5p	MIMAT0022940	hsa-miR-1178-5p
HSA-MIR-1180-5P	hsa-mir-1180-5p	MIMAT0026735	hsa-miR-1180-5p
HSA-MIR-1183	hsa-mir-1183	MIMAT0005828	hsa-miR-1183
HSA-MIR-1184	hsa-mir-1184	MIMAT0005829	hsa-miR-1184
HSA-MIR-1193	hsa-mir-1193	MIMAT0015049	hsa-miR-1193
HSA-MIR-1199-3P	hsa-mir-1199-3p	MIMAT0031120	hsa-miR-1199-3p
HSA-MIR-1199-5P	hsa-mir-1199-5p	MIMAT0031119	hsa-miR-1199-5p
HSA-MIR-1204	hsa-mir-1204	MIMAT0005868	hsa-miR-1204
HSA-MIR-1205	hsa-mir-1205	MIMAT0005869	hsa-miR-1205
HSA-MIR-1207-3P	hsa-mir-1207-3p	MIMAT0005872	hsa-miR-1207-3p
HSA-MIR-1207-5P	hsa-mir-1207-5p	MIMAT0005871	hsa-miR-1207-5p
HSA-MIR-1208	hsa-mir-1208	MIMAT0005873	hsa-miR-1208
HSA-MIR-1224-3P	hsa-mir-1224-3p	MIMAT0005459	hsa-miR-1224-3p
HSA-MIR-1225-3P	hsa-mir-1225-3p	MIMAT0005573	hsa-miR-1225-3p
HSA-MIR-1225-5P	hsa-mir-1225-5p	MIMAT0005572	hsa-miR-1225-5p
HSA-MIR-1226-5P	hsa-mir-1226-5p	MIMAT0005576	hsa-miR-1226-5p
HSA-MIR-1227-3P	hsa-mir-1227-3p	MIMAT0005580	hsa-miR-1227-3p
HSA-MIR-1227-5P	hsa-mir-1227-5p	MIMAT0022941	hsa-miR-1227-5p
HSA-MIR-1228-3P	hsa-mir-1228-3p	MIMAT0005583	hsa-miR-1228-3p
HSA-MIR-1228-5P	hsa-mir-1228-5p	MIMAT0005582	hsa-miR-1228-5p
HSA-MIR-1233-3P	hsa-mir-1233-3p	MIMAT0005588	hsa-miR-1233-3p
HSA-MIR-1233-5P	hsa-mir-1233-5p	MIMAT0022943	hsa-miR-1233-5p
HSA-MIR-1234-5P	hsa-mir-1234-5p	MIMAT0022944	hsa-miR-1234-5p
HSA-MIR-1237-5P	hsa-mir-1237-5p	MIMAT0022946	hsa-miR-1237-5p
HSA-MIR-1238-5P	hsa-mir-1238-5p	MIMAT0022947	hsa-miR-1238-5p
HSA-MIR-1245B-5P	hsa-mir-1245b-5p	MIMAT0019950	hsa-miR-1245b-5p
HSA-MIR-124-5P	hsa-mir-124-5p	MIMAT0004591	hsa-miR-124-5p
HSA-MIR-1247-3P	hsa-mir-1247-3p	MIMAT0022721	hsa-miR-1247-3p
HSA-MIR-1247-5P	hsa-mir-1247-5p	MIMAT0005899	hsa-miR-1247-5p
HSA-MIR-1248	hsa-mir-1248	MIMAT0005900	hsa-miR-1248
HSA-MIR-1249	hsa-mir-1249	MIMAT0005901	hsa-miR-1249
HSA-MIR-1250-5P	hsa-mir-1250-5p	MIMAT0005902	hsa-miR-1250-5p
HSA-MIR-1251-5P	hsa-mir-1251-5p	MIMAT0005903	hsa-miR-1251-5p
HSA-MIR-1252-5P	hsa-mir-1252-5p	MIMAT0005944	hsa-miR-1252-5p
HSA-MIR-1255A	hsa-mir-1255a	MIMAT0005906	hsa-miR-1255a
HSA-MIR-1255B-5P	hsa-mir-1255b-5p	MIMAT0005945	hsa-miR-1255b-5p
HSA-MIR-125A-3P	hsa-mir-125a-3p	MIMAT0004602	hsa-miR-125a-3p
HSA-MIR-125A-5P	hsa-mir-125a-5p	MIMAT0000443	hsa-miR-125a-5p
HSA-MIR-125B-5P	hsa-mir-125b-5p	MIMAT0000423	hsa-miR-125b-5p
HSA-MIR-1260A	hsa-mir-1260a	MIMAT0005911	hsa-miR-1260a
HSA-MIR-1260B	hsa-mir-1260b	MIMAT0015041	hsa-miR-1260b
HSA-MIR-1262	hsa-mir-1262	MIMAT0005914	hsa-miR-1262
HSA-MIR-1265	hsa-mir-1265	MIMAT0005918	hsa-miR-1265
HSA-MIR-1266-5P	hsa-mir-1266-5p	MIMAT0005920	hsa-miR-1266-5p
HSA-MIR-1268A	hsa-mir-1268a	MIMAT0005922	hsa-miR-1268a
HSA-MIR-1268B	hsa-mir-1268b	MIMAT0018925	hsa-miR-1268b
HSA-MIR-1273D	hsa-mir-1273d	MIMAT0015090	hsa-miR-1273d
HSA-MIR-1273F	hsa-mir-1273f	MIMAT0020601	hsa-miR-1273f
HSA-MIR-1273G-3P	hsa-mir-1273g-3p	MIMAT0022742	hsa-miR-1273g-3p
HSA-MIR-1273H-3P	hsa-mir-1273h-3p	MIMAT0030416	hsa-miR-1273h-3p
HSA-MIR-1273H-5P	hsa-mir-1273h-5p	MIMAT0030415	hsa-miR-1273h-5p
HSA-MIR-1275	hsa-mir-1275	MIMAT0005929	hsa-miR-1275
HSA-MIR-1277-5P	hsa-mir-1277-5p	MIMAT0022724	hsa-miR-1277-5p
HSA-MIR-128	hsa-mir-128	MIMAT0000424	hsa-miR-128
HSA-MIR-1281	hsa-mir-1281	MIMAT0005939	hsa-miR-1281
HSA-MIR-128-1-5P	hsa-mir-128-1-5p	MIMAT0026477	hsa-miR-128-1-5p
HSA-MIR-128-2-5P	hsa-mir-128-2-5p	MIMAT0031095	hsa-miR-128-2-5p
HSA-MIR-1285-3P	hsa-mir-1285-3p	MIMAT0005876	hsa-miR-1285-3p
HSA-MIR-1288-3P	hsa-mir-1288-3p	MIMAT0005942	hsa-miR-1288-3p
HSA-MIR-1291	hsa-mir-1291	MIMAT0005881	hsa-miR-1291
HSA-MIR-129-1-3P	hsa-mir-129-1-3p	MIMAT0004548	hsa-miR-129-1-3p
HSA-MIR-129-2-3P	hsa-mir-129-2-3p	MIMAT0004605	hsa-miR-129-2-3p
HSA-MIR-1292-3P	hsa-mir-1292-3p	MIMAT0022948	hsa-miR-1292-3p
HSA-MIR-1292-5P	hsa-mir-1292-5p	MIMAT0005943	hsa-miR-1292-5p
HSA-MIR-1293	hsa-mir-1293	MIMAT0005883	hsa-miR-1293
HSA-MIR-1295B-3P	hsa-mir-1295b-3p	MIMAT0022294	hsa-miR-1295b-3p
HSA-MIR-1295B-5P	hsa-mir-1295b-5p	MIMAT0022293	hsa-miR-1295b-5p
HSA-MIR-1296-5P	hsa-mir-1296-5p	MIMAT0005794	hsa-miR-1296-5p
HSA-MIR-1299	hsa-mir-1299	MIMAT0005887	hsa-miR-1299
HSA-MIR-1301-3P	hsa-mir-1301-3p	MIMAT0005797	hsa-miR-1301-3p
HSA-MIR-1302	hsa-mir-1302	MIMAT0005890	hsa-miR-1302
HSA-MIR-1306-3P	hsa-mir-1306-3p	MIMAT0005950	hsa-miR-1306-3p
HSA-MIR-1306-5P	hsa-mir-1306-5p	MIMAT0022726	hsa-miR-1306-5p
HSA-MIR-1307-3P	hsa-mir-1307-3p	MIMAT0005951	hsa-miR-1307-3p
HSA-MIR-130A-5P	hsa-mir-130a-5p	MIMAT0004593	hsa-miR-130a-5p
HSA-MIR-1321	hsa-mir-1321	MIMAT0005952	hsa-miR-1321
HSA-MIR-1324	hsa-mir-1324	MIMAT0005956	hsa-miR-1324
HSA-MIR-133A-5P	hsa-mir-133a-5p	MIMAT0026478	hsa-miR-133a-5p
HSA-MIR-1343-3P	hsa-mir-1343-3p	MIMAT0019776	hsa-miR-1343-3p
HSA-MIR-1343-5P	hsa-mir-1343-5p	MIMAT0027038	hsa-miR-1343-5p
HSA-MIR-134-3P	hsa-mir-134-3p	MIMAT0026481	hsa-miR-134-3p
HSA-MIR-135A-3P	hsa-mir-135a-3p	MIMAT0004595	hsa-miR-135a-3p
HSA-MIR-136-3P	hsa-mir-136-3p	MIMAT0004606	hsa-miR-136-3p
HSA-MIR-136-5P	hsa-mir-136-5p	MIMAT0000448	hsa-miR-136-5p
HSA-MIR-138-5P	hsa-mir-138-5p	MIMAT0000430	hsa-miR-138-5p
HSA-MIR-139-3P	hsa-mir-139-3p	MIMAT0004552	hsa-miR-139-3p
HSA-MIR-142-3P	hsa-mir-142-3p	MIMAT0000434	hsa-miR-142-3p
HSA-MIR-142-5P	hsa-mir-142-5p	MIMAT0000433	hsa-miR-142-5p
HSA-MIR-143-5P	hsa-mir-143-5p	MIMAT0004599	hsa-miR-143-5p
HSA-MIR-1469	hsa-mir-1469	MIMAT0007347	hsa-miR-1469
HSA-MIR-146A-3P	hsa-mir-146a-3p	MIMAT0004608	hsa-miR-146a-3p
HSA-MIR-146B-3P	hsa-mir-146b-3p	MIMAT0004766	hsa-miR-146b-3p
HSA-MIR-1470	hsa-mir-1470	MIMAT0007348	hsa-miR-1470
HSA-MIR-148A-3P	hsa-mir-148a-3p	MIMAT0000243	hsa-miR-148a-3p
HSA-MIR-148B-3P	hsa-mir-148b-3p	MIMAT0000759	hsa-miR-148b-3p
HSA-MIR-149-3P	hsa-mir-149-3p	MIMAT0004609	hsa-miR-149-3p
HSA-MIR-151A-5P	hsa-mir-151a-5p	MIMAT0004697	hsa-miR-151a-5p
HSA-MIR-151B	hsa-mir-151b	MIMAT0010214	hsa-miR-151b
HSA-MIR-152-3P	hsa-mir-152-3p	MIMAT0000438	hsa-miR-152-3p
HSA-MIR-1538	hsa-mir-1538	MIMAT0007400	hsa-miR-1538
HSA-MIR-1587	hsa-mir-1587	MIMAT0019077	hsa-miR-1587
HSA-MIR-15A-5P	hsa-mir-15a-5p	MIMAT0000068	hsa-miR-15a-5p
HSA-MIR-15B-3P	hsa-mir-15b-3p	MIMAT0004586	hsa-miR-15b-3p
HSA-MIR-15B-5P	hsa-mir-15b-5p	MIMAT0000417	hsa-miR-15b-5p
HSA-MIR-16-5P	hsa-mir-16-5p	MIMAT0000069	hsa-miR-16-5p
HSA-MIR-181D-3P	hsa-mir-181d-3p	MIMAT0026608	hsa-miR-181d-3p
HSA-MIR-182-3P	hsa-mir-182-3p	MIMAT0000260	hsa-miR-182-3p
HSA-MIR-1827	hsa-mir-1827	MIMAT0006767	hsa-miR-1827
HSA-MIR-185-3P	hsa-mir-185-3p	MIMAT0004611	hsa-miR-185-3p
HSA-MIR-186-5P	hsa-mir-186-5p	MIMAT0000456	hsa-miR-186-5p
HSA-MIR-188-3P	hsa-mir-188-3p	MIMAT0004613	hsa-miR-188-3p
HSA-MIR-188-5P	hsa-mir-188-5p	MIMAT0000457	hsa-miR-188-5p
HSA-MIR-18A-5P	hsa-mir-18a-5p	MIMAT0000072	hsa-miR-18a-5p
HSA-MIR-18B-3P	hsa-mir-18b-3p	MIMAT0004751	hsa-miR-18b-3p
HSA-MIR-18B-5P	hsa-mir-18b-5p	MIMAT0001412	hsa-miR-18b-5p
HSA-MIR-1908-3P	hsa-mir-1908-3p	MIMAT0026916	hsa-miR-1908-3p
HSA-MIR-1908-5P	hsa-mir-1908-5p	MIMAT0007881	hsa-miR-1908-5p
HSA-MIR-1909-3P	hsa-mir-1909-3p	MIMAT0007883	hsa-miR-1909-3p
HSA-MIR-1909-5P	hsa-mir-1909-5p	MIMAT0007882	hsa-miR-1909-5p
HSA-MIR-190A-3P	hsa-mir-190a-3p	MIMAT0026482	hsa-miR-190a-3p
HSA-MIR-1910-3P	hsa-mir-1910-3p	MIMAT0026917	hsa-miR-1910-3p
HSA-MIR-1912	hsa-mir-1912	MIMAT0007887	hsa-miR-1912
HSA-MIR-1913	hsa-mir-1913	MIMAT0007888	hsa-miR-1913
HSA-MIR-1914-3P	hsa-mir-1914-3p	MIMAT0007890	hsa-miR-1914-3p
HSA-MIR-1914-5P	hsa-mir-1914-5p	MIMAT0007889	hsa-miR-1914-5p
HSA-MIR-1915-3P	hsa-mir-1915-3p	MIMAT0007892	hsa-miR-1915-3p
HSA-MIR-193B-5P	hsa-mir-193b-5p	MIMAT0004767	hsa-miR-193b-5p
HSA-MIR-195-5P	hsa-mir-195-5p	MIMAT0000461	hsa-miR-195-5p
HSA-MIR-1972	hsa-mir-1972	MIMAT0009447	hsa-miR-1972
HSA-MIR-197-5P	hsa-mir-197-5p	MIMAT0022691	hsa-miR-197-5p
HSA-MIR-200A-5P	hsa-mir-200a-5p	MIMAT0001620	hsa-miR-200a-5p
HSA-MIR-202-5P	hsa-mir-202-5p	MIMAT0002810	hsa-miR-202-5p
HSA-MIR-204-5P	hsa-mir-204-5p	MIMAT0000265	hsa-miR-204-5p
HSA-MIR-2053	hsa-mir-2053	MIMAT0009978	hsa-miR-2053
HSA-MIR-205-5P	hsa-mir-205-5p	MIMAT0000266	hsa-miR-205-5p
HSA-MIR-210-3P	hsa-mir-210-3p	MIMAT0000267	hsa-miR-210-3p
HSA-MIR-210-5P	hsa-mir-210-5p	MIMAT0026475	hsa-miR-210-5p
HSA-MIR-2114-3P	hsa-mir-2114-3p	MIMAT0011157	hsa-miR-2114-3p
HSA-MIR-2114-5P	hsa-mir-2114-5p	MIMAT0011156	hsa-miR-2114-5p
HSA-MIR-211-5P	hsa-mir-211-5p	MIMAT0000268	hsa-miR-211-5p
HSA-MIR-2116-3P	hsa-mir-2116-3p	MIMAT0011161	hsa-miR-2116-3p
HSA-MIR-214-3P	hsa-mir-214-3p	MIMAT0000271	hsa-miR-214-3p
HSA-MIR-215-3P	hsa-mir-215-3p	MIMAT0026476	hsa-miR-215-3p
HSA-MIR-216A-3P	hsa-mir-216a-3p	MIMAT0022844	hsa-miR-216a-3p
HSA-MIR-216B-5P	hsa-mir-216b-5p	MIMAT0004959	hsa-miR-216b-5p
HSA-MIR-218-2-3P	hsa-mir-218-2-3p	MIMAT0004566	hsa-miR-218-2-3p
HSA-MIR-218-5P	hsa-mir-218-5p	MIMAT0000275	hsa-miR-218-5p
HSA-MIR-22-3P	hsa-mir-22-3p	MIMAT0000077	hsa-miR-22-3p
HSA-MIR-224-5P	hsa-mir-224-5p	MIMAT0000281	hsa-miR-224-5p
HSA-MIR-22-5P	hsa-mir-22-5p	MIMAT0004495	hsa-miR-22-5p
HSA-MIR-2276-3P	hsa-mir-2276-3p	MIMAT0011775	hsa-miR-2276-3p
HSA-MIR-2276-5P	hsa-mir-2276-5p	MIMAT0026921	hsa-miR-2276-5p
HSA-MIR-2277-5P	hsa-mir-2277-5p	MIMAT0017352	hsa-miR-2277-5p
HSA-MIR-2355-5P	hsa-mir-2355-5p	MIMAT0016895	hsa-miR-2355-5p
HSA-MIR-2392	hsa-mir-2392	MIMAT0019043	hsa-miR-2392
HSA-MIR-23A-3P	hsa-mir-23a-3p	MIMAT0000078	hsa-miR-23a-3p
HSA-MIR-23B-3P	hsa-mir-23b-3p	MIMAT0000418	hsa-miR-23b-3p
HSA-MIR-23B-5P	hsa-mir-23b-5p	MIMAT0004587	hsa-miR-23b-5p
HSA-MIR-23C	hsa-mir-23c	MIMAT0018000	hsa-miR-23c
HSA-MIR-24-1-5P	hsa-mir-24-1-5p	MIMAT0000079	hsa-miR-24-1-5p
HSA-MIR-24-2-5P	hsa-mir-24-2-5p	MIMAT0004497	hsa-miR-24-2-5p
HSA-MIR-24-3P	hsa-mir-24-3p	MIMAT0000080	hsa-miR-24-3p
HSA-MIR-2467-3P	hsa-mir-2467-3p	MIMAT0019953	hsa-miR-2467-3p
HSA-MIR-2467-5P	hsa-mir-2467-5p	MIMAT0019952	hsa-miR-2467-5p
HSA-MIR-25-5P	hsa-mir-25-5p	MIMAT0004498	hsa-miR-25-5p
HSA-MIR-2681-3P	hsa-mir-2681-3p	MIMAT0013516	hsa-miR-2681-3p
HSA-MIR-2682-3P	hsa-mir-2682-3p	MIMAT0013518	hsa-miR-2682-3p
HSA-MIR-2682-5P	hsa-mir-2682-5p	MIMAT0013517	hsa-miR-2682-5p
HSA-MIR-26A-1-3P	hsa-mir-26a-1-3p	MIMAT0004499	hsa-miR-26a-1-3p
HSA-MIR-27A-5P	hsa-mir-27a-5p	MIMAT0004501	hsa-miR-27a-5p
HSA-MIR-2861	hsa-mir-2861	MIMAT0013802	hsa-miR-2861
HSA-MIR-2909	hsa-mir-2909	MIMAT0013863	hsa-miR-2909
HSA-MIR-296-3P	hsa-mir-296-3p	MIMAT0004679	hsa-miR-296-3p
HSA-MIR-296-5P	hsa-mir-296-5p	MIMAT0000690	hsa-miR-296-5p
HSA-MIR-298	hsa-mir-298	MIMAT0004901	hsa-miR-298
HSA-MIR-300	hsa-mir-300	MIMAT0004903	hsa-miR-300
HSA-MIR-302F	hsa-mir-302f	MIMAT0005932	hsa-miR-302f
HSA-MIR-3064-3P	hsa-mir-3064-3p	MIMAT0019865	hsa-miR-3064-3p
HSA-MIR-3064-5P	hsa-mir-3064-5p	MIMAT0019864	hsa-miR-3064-5p
HSA-MIR-3065-3P	hsa-mir-3065-3p	MIMAT0015378	hsa-miR-3065-3p
HSA-MIR-30B-3P	hsa-mir-30b-3p	MIMAT0004589	hsa-miR-30b-3p
HSA-MIR-30C-1-3P	hsa-mir-30c-1-3p	MIMAT0004674	hsa-miR-30c-1-3p
HSA-MIR-30C-2-3P	hsa-mir-30c-2-3p	MIMAT0004550	hsa-miR-30c-2-3p
HSA-MIR-3118	hsa-mir-3118	MIMAT0014980	hsa-miR-3118
HSA-MIR-3121-3P	hsa-mir-3121-3p	MIMAT0014983	hsa-miR-3121-3p
HSA-MIR-3121-5P	hsa-mir-3121-5p	MIMAT0019199	hsa-miR-3121-5p
HSA-MIR-3122	hsa-mir-3122	MIMAT0014984	hsa-miR-3122
HSA-MIR-3124-5P	hsa-mir-3124-5p	MIMAT0014986	hsa-miR-3124-5p
HSA-MIR-3127-3P	hsa-mir-3127-3p	MIMAT0019201	hsa-miR-3127-3p
HSA-MIR-3127-5P	hsa-mir-3127-5p	MIMAT0014990	hsa-miR-3127-5p
HSA-MIR-3130-5P	hsa-mir-3130-5p	MIMAT0014995	hsa-miR-3130-5p
HSA-MIR-3131	hsa-mir-3131	MIMAT0014996	hsa-miR-3131
HSA-MIR-3132	hsa-mir-3132	MIMAT0014997	hsa-miR-3132
HSA-MIR-3136-3P	hsa-mir-3136-3p	MIMAT0019203	hsa-miR-3136-3p
HSA-MIR-3138	hsa-mir-3138	MIMAT0015006	hsa-miR-3138
HSA-MIR-3140-3P	hsa-mir-3140-3p	MIMAT0015008	hsa-miR-3140-3p
HSA-MIR-3141	hsa-mir-3141	MIMAT0015010	hsa-miR-3141
HSA-MIR-3142	hsa-mir-3142	MIMAT0015011	hsa-miR-3142
HSA-MIR-3143	hsa-mir-3143	MIMAT0015012	hsa-miR-3143
HSA-MIR-3144-5P	hsa-mir-3144-5p	MIMAT0015014	hsa-miR-3144-5p
HSA-MIR-3146	hsa-mir-3146	MIMAT0015018	hsa-miR-3146
HSA-MIR-3147	hsa-mir-3147	MIMAT0015019	hsa-miR-3147
HSA-MIR-3148	hsa-mir-3148	MIMAT0015021	hsa-miR-3148
HSA-MIR-3150A-3P	hsa-mir-3150a-3p	MIMAT0015023	hsa-miR-3150a-3p
HSA-MIR-3151-5P	hsa-mir-3151-5p	MIMAT0015024	hsa-miR-3151-5p
HSA-MIR-3152-5P	hsa-mir-3152-5p	MIMAT0019207	hsa-miR-3152-5p
HSA-MIR-3153	hsa-mir-3153	MIMAT0015026	hsa-miR-3153
HSA-MIR-3154	hsa-mir-3154	MIMAT0015028	hsa-miR-3154
HSA-MIR-3155A	hsa-mir-3155a	MIMAT0015029	hsa-miR-3155a
HSA-MIR-3155B	hsa-mir-3155b	MIMAT0019012	hsa-miR-3155b
HSA-MIR-3157-3P	hsa-mir-3157-3p	MIMAT0019210	hsa-miR-3157-3p
HSA-MIR-3158-5P	hsa-mir-3158-5p	MIMAT0019211	hsa-miR-3158-5p
HSA-MIR-31-5P	hsa-mir-31-5p	MIMAT0000089	hsa-miR-31-5p
HSA-MIR-3162-5P	hsa-mir-3162-5p	MIMAT0015036	hsa-miR-3162-5p
HSA-MIR-3163	hsa-mir-3163	MIMAT0015037	hsa-miR-3163
HSA-MIR-3164	hsa-mir-3164	MIMAT0015038	hsa-miR-3164
HSA-MIR-3165	hsa-mir-3165	MIMAT0015039	hsa-miR-3165
HSA-MIR-3170	hsa-mir-3170	MIMAT0015045	hsa-miR-3170
HSA-MIR-3173-3P	hsa-mir-3173-3p	MIMAT0015048	hsa-miR-3173-3p
HSA-MIR-3173-5P	hsa-mir-3173-5p	MIMAT0019214	hsa-miR-3173-5p
HSA-MIR-3175	hsa-mir-3175	MIMAT0015052	hsa-miR-3175
HSA-MIR-3178	hsa-mir-3178	MIMAT0015055	hsa-miR-3178
HSA-MIR-3179	hsa-mir-3179	MIMAT0015056	hsa-miR-3179
HSA-MIR-3180	hsa-mir-3180	MIMAT0018178	hsa-miR-3180
HSA-MIR-3180-3P	hsa-mir-3180-3p	MIMAT0015058	hsa-miR-3180-3p
HSA-MIR-3181	hsa-mir-3181	MIMAT0015061	hsa-miR-3181
HSA-MIR-3183	hsa-mir-3183	MIMAT0015063	hsa-miR-3183
HSA-MIR-3184-5P	hsa-mir-3184-5p	MIMAT0015064	hsa-miR-3184-5p
HSA-MIR-3185	hsa-mir-3185	MIMAT0015065	hsa-miR-3185
HSA-MIR-3186-5P	hsa-mir-3186-5p	MIMAT0015067	hsa-miR-3186-5p
HSA-MIR-3187-5P	hsa-mir-3187-5p	MIMAT0019216	hsa-miR-3187-5p
HSA-MIR-3189-3P	hsa-mir-3189-3p	MIMAT0015071	hsa-miR-3189-3p
HSA-MIR-3189-5P	hsa-mir-3189-5p	MIMAT0019217	hsa-miR-3189-5p
HSA-MIR-3190-3P	hsa-mir-3190-3p	MIMAT0015074	hsa-miR-3190-3p
HSA-MIR-3190-3P	hsa-mir-3190-3p	MIMAT0022839	hsa-miR-3190-3p
HSA-MIR-3190-5P	hsa-mir-3190-5p	MIMAT0015073	hsa-miR-3190-5p
HSA-MIR-3191-3P	hsa-mir-3191-3p	MIMAT0015075	hsa-miR-3191-3p
HSA-MIR-3191-5P	hsa-mir-3191-5p	MIMAT0022732	hsa-miR-3191-5p
HSA-MIR-3192-5P	hsa-mir-3192-5p	MIMAT0015076	hsa-miR-3192-5p
HSA-MIR-3194-5P	hsa-mir-3194-5p	MIMAT0015078	hsa-miR-3194-5p
HSA-MIR-3195	hsa-mir-3195	MIMAT0015079	hsa-miR-3195
HSA-MIR-3196	hsa-mir-3196	MIMAT0015080	hsa-miR-3196
HSA-MIR-3197	hsa-mir-3197	MIMAT0015082	hsa-miR-3197
HSA-MIR-3202	hsa-mir-3202	MIMAT0015089	hsa-miR-3202
HSA-MIR-320A	hsa-mir-320a	MIMAT0000510	hsa-miR-320a
HSA-MIR-320B	hsa-mir-320b	MIMAT0005792	hsa-miR-320b
HSA-MIR-320C	hsa-mir-320c	MIMAT0005793	hsa-miR-320c
HSA-MIR-320D	hsa-mir-320d	MIMAT0006764	hsa-miR-320d
HSA-MIR-323A-5P	hsa-mir-323a-5p	MIMAT0004696	hsa-miR-323a-5p
HSA-MIR-323B-3P	hsa-mir-323b-3p	MIMAT0015050	hsa-miR-323b-3p
HSA-MIR-323B-5P	hsa-mir-323b-5p	MIMAT0001630	hsa-miR-323b-5p
HSA-MIR-324-3P	hsa-mir-324-3p	MIMAT0000762	hsa-miR-324-3p
HSA-MIR-326	hsa-mir-326	MIMAT0000756	hsa-miR-326
HSA-MIR-328-3P	hsa-mir-328-3p	MIMAT0000752	hsa-miR-328-3p
HSA-MIR-328-5P	hsa-mir-328-5p	MIMAT0026486	hsa-miR-328-5p
HSA-MIR-330-5P	hsa-mir-330-5p	MIMAT0004693	hsa-miR-330-5p
HSA-MIR-331-3P	hsa-mir-331-3p	MIMAT0000760	hsa-miR-331-3p
HSA-MIR-335-3P	hsa-mir-335-3p	MIMAT0004703	hsa-miR-335-3p
HSA-MIR-338-3P	hsa-mir-338-3p	MIMAT0000763	hsa-miR-338-3p
HSA-MIR-339-5P	hsa-mir-339-5p	MIMAT0000764	hsa-miR-339-5p
HSA-MIR-342-5P	hsa-mir-342-5p	MIMAT0004694	hsa-miR-342-5p
HSA-MIR-34B-3P	hsa-mir-34b-3p	MIMAT0004676	hsa-miR-34b-3p
HSA-MIR-34B-5P	hsa-mir-34b-5p	MIMAT0000685	hsa-miR-34b-5p
HSA-MIR-3605-5P	hsa-mir-3605-5p	MIMAT0017981	hsa-miR-3605-5p
HSA-MIR-3607-3P	hsa-mir-3607-3p	MIMAT0017985	hsa-miR-3607-3p
HSA-MIR-3609	hsa-mir-3609	MIMAT0017986	hsa-miR-3609
HSA-MIR-3611	hsa-mir-3611	MIMAT0017988	hsa-miR-3611
HSA-MIR-3612	hsa-mir-3612	MIMAT0017989	hsa-miR-3612
HSA-MIR-3613-3P	hsa-mir-3613-3p	MIMAT0017991	hsa-miR-3613-3p
HSA-MIR-361-3P	hsa-mir-361-3p	MIMAT0004682	hsa-miR-361-3p
HSA-MIR-3614-3P	hsa-mir-3614-3p	MIMAT0017993	hsa-miR-3614-3p
HSA-MIR-3615	hsa-mir-3615	MIMAT0017994	hsa-miR-3615
HSA-MIR-3616-3P	hsa-mir-3616-3p	MIMAT0017996	hsa-miR-3616-3p
HSA-MIR-3617-3P	hsa-mir-3617-3p	MIMAT0022966	hsa-miR-3617-3p
HSA-MIR-3618	hsa-mir-3618	MIMAT0017998	hsa-miR-3618
HSA-MIR-3619-5P	hsa-mir-3619-5p	MIMAT0017999	hsa-miR-3619-5p
HSA-MIR-3620-3P	hsa-mir-3620-3p	MIMAT0018001	hsa-miR-3620-3p
HSA-MIR-3620-5P	hsa-mir-3620-5p	MIMAT0022967	hsa-miR-3620-5p
HSA-MIR-3621	hsa-mir-3621	MIMAT0018002	hsa-miR-3621
HSA-MIR-3622A-5P	hsa-mir-3622a-5p	MIMAT0018003	hsa-miR-3622a-5p
HSA-MIR-3622B-5P	hsa-mir-3622b-5p	MIMAT0018005	hsa-miR-3622b-5p
HSA-MIR-363-5P	hsa-mir-363-5p	MIMAT0003385	hsa-miR-363-5p
HSA-MIR-3648	hsa-mir-3648	MIMAT0018068	hsa-miR-3648
HSA-MIR-3649	hsa-mir-3649	MIMAT0018069	hsa-miR-3649
HSA-MIR-3651	hsa-mir-3651	MIMAT0018071	hsa-miR-3651
HSA-MIR-3656	hsa-mir-3656	MIMAT0018076	hsa-miR-3656
HSA-MIR-3657	hsa-mir-3657	MIMAT0018077	hsa-miR-3657
HSA-MIR-3658	hsa-mir-3658	MIMAT0018078	hsa-miR-3658
HSA-MIR-365A-3P	hsa-mir-365a-3p	MIMAT0000710	hsa-miR-365a-3p
HSA-MIR-365B-3P	hsa-mir-365b-3p	MIMAT0022834	hsa-miR-365b-3p
HSA-MIR-3660	hsa-mir-3660	MIMAT0018081	hsa-miR-3660
HSA-MIR-3662	hsa-mir-3662	MIMAT0018083	hsa-miR-3662
HSA-MIR-3663-3P	hsa-mir-3663-3p	MIMAT0018085	hsa-miR-3663-3p
HSA-MIR-3664-3P	hsa-mir-3664-3p	MIMAT0019220	hsa-miR-3664-3p
HSA-MIR-3664-5P	hsa-mir-3664-5p	MIMAT0018086	hsa-miR-3664-5p
HSA-MIR-3665	hsa-mir-3665	MIMAT0018087	hsa-miR-3665
HSA-MIR-3667-3P	hsa-mir-3667-3p	MIMAT0018090	hsa-miR-3667-3p
HSA-MIR-3667-5P	hsa-mir-3667-5p	MIMAT0018089	hsa-miR-3667-5p
HSA-MIR-3674	hsa-mir-3674	MIMAT0018097	hsa-miR-3674
HSA-MIR-3675-5P	hsa-mir-3675-5p	MIMAT0018098	hsa-miR-3675-5p
HSA-MIR-3677-3P	hsa-mir-3677-3p	MIMAT0018101	hsa-miR-3677-3p
HSA-MIR-3680-5P	hsa-mir-3680-5p	MIMAT0018106	hsa-miR-3680-5p
HSA-MIR-3681-3P	hsa-mir-3681-3p	MIMAT0018109	hsa-miR-3681-3p
HSA-MIR-3686	hsa-mir-3686	MIMAT0018114	hsa-miR-3686
HSA-MIR-3689A-3P	hsa-mir-3689a-3p	MIMAT0018118	hsa-miR-3689a-3p
HSA-MIR-3689B-3P	hsa-mir-3689b-3p	MIMAT0018181	hsa-miR-3689b-3p
HSA-MIR-3689C	hsa-mir-3689c	MIMAT0019007	hsa-miR-3689c
HSA-MIR-3689D	hsa-mir-3689d	MIMAT0019008	hsa-miR-3689d
HSA-MIR-3690	hsa-mir-3690	MIMAT0018119	hsa-miR-3690
HSA-MIR-3692-5P	hsa-mir-3692-5p	MIMAT0018121	hsa-miR-3692-5p
HSA-MIR-369-3P	hsa-mir-369-3p	MIMAT0000721	hsa-miR-369-3p
HSA-MIR-370-3P	hsa-mir-370-3p	MIMAT0000722	hsa-miR-370-3p
HSA-MIR-3714	hsa-mir-3714	MIMAT0018165	hsa-miR-3714
HSA-MIR-371A-3P	hsa-mir-371a-3p	MIMAT0000723	hsa-miR-371a-3p
HSA-MIR-371B-3P	hsa-mir-371b-3p	MIMAT0019893	hsa-miR-371b-3p
HSA-MIR-372-5P	hsa-mir-372-5p	MIMAT0026484	hsa-miR-372-5p
HSA-MIR-374C-5P	hsa-mir-374c-5p	MIMAT0018443	hsa-miR-374c-5p
HSA-MIR-376C-3P	hsa-mir-376c-3p	MIMAT0000720	hsa-miR-376c-3p
HSA-MIR-377-3P	hsa-mir-377-3p	MIMAT0000730	hsa-miR-377-3p
HSA-MIR-378A-5P	hsa-mir-378a-5p	MIMAT0000731	hsa-miR-378a-5p
HSA-MIR-378G	hsa-mir-378g	MIMAT0018937	hsa-miR-378g
HSA-MIR-381-3P	hsa-mir-381-3p	MIMAT0000736	hsa-miR-381-3p
HSA-MIR-383-3P	hsa-mir-383-3p	MIMAT0026485	hsa-miR-383-3p
HSA-MIR-383-5P	hsa-mir-383-5p	MIMAT0000738	hsa-miR-383-5p
HSA-MIR-384	hsa-mir-384	MIMAT0001075	hsa-miR-384
HSA-MIR-3907	hsa-mir-3907	MIMAT0018179	hsa-miR-3907
HSA-MIR-3909	hsa-mir-3909	MIMAT0018183	hsa-miR-3909
HSA-MIR-3916	hsa-mir-3916	MIMAT0018190	hsa-miR-3916
HSA-MIR-3918	hsa-mir-3918	MIMAT0018192	hsa-miR-3918
HSA-MIR-3921	hsa-mir-3921	MIMAT0018196	hsa-miR-3921
HSA-MIR-3922-5P	hsa-mir-3922-5p	MIMAT0019227	hsa-miR-3922-5p
HSA-MIR-3924	hsa-mir-3924	MIMAT0018199	hsa-miR-3924
HSA-MIR-3927-3P	hsa-mir-3927-3p	MIMAT0018202	hsa-miR-3927-3p
HSA-MIR-3934-3P	hsa-mir-3934-3p	MIMAT0022975	hsa-miR-3934-3p
HSA-MIR-3936	hsa-mir-3936	MIMAT0018351	hsa-miR-3936
HSA-MIR-3937	hsa-mir-3937	MIMAT0018352	hsa-miR-3937
HSA-MIR-3940-5P	hsa-mir-3940-5p	MIMAT0019229	hsa-miR-3940-5p
HSA-MIR-3942-3P	hsa-mir-3942-3p	MIMAT0019230	hsa-miR-3942-3p
HSA-MIR-3943	hsa-mir-3943	MIMAT0018359	hsa-miR-3943
HSA-MIR-3944-3P	hsa-mir-3944-3p	MIMAT0018360	hsa-miR-3944-3p
HSA-MIR-3944-5P	hsa-mir-3944-5p	MIMAT0019231	hsa-miR-3944-5p
HSA-MIR-3945	hsa-mir-3945	MIMAT0018361	hsa-miR-3945
HSA-MIR-3960	hsa-mir-3960	MIMAT0019337	hsa-miR-3960
HSA-MIR-3972	hsa-mir-3972	MIMAT0019357	hsa-miR-3972
HSA-MIR-3976	hsa-mir-3976	MIMAT0019361	hsa-miR-3976
HSA-MIR-409-3P	hsa-mir-409-3p	MIMAT0001639	hsa-miR-409-3p
HSA-MIR-410-5P	hsa-mir-410-5p	MIMAT0026558	hsa-miR-410-5p
HSA-MIR-423-5P	hsa-mir-423-5p	MIMAT0004748	hsa-miR-423-5p
HSA-MIR-424-5P	hsa-mir-424-5p	MIMAT0001341	hsa-miR-424-5p
HSA-MIR-4252	hsa-mir-4252	MIMAT0016886	hsa-miR-4252
HSA-MIR-4253	hsa-mir-4253	MIMAT0016882	hsa-miR-4253
HSA-MIR-4257	hsa-mir-4257	MIMAT0016878	hsa-miR-4257
HSA-MIR-4260	hsa-mir-4260	MIMAT0016881	hsa-miR-4260
HSA-MIR-4264	hsa-mir-4264	MIMAT0016899	hsa-miR-4264
HSA-MIR-4265	hsa-mir-4265	MIMAT0016891	hsa-miR-4265
HSA-MIR-4267	hsa-mir-4267	MIMAT0016893	hsa-miR-4267
HSA-MIR-4268	hsa-mir-4268	MIMAT0016896	hsa-miR-4268
HSA-MIR-4270	hsa-mir-4270	MIMAT0016900	hsa-miR-4270
HSA-MIR-4271	hsa-mir-4271	MIMAT0016901	hsa-miR-4271
HSA-MIR-4274	hsa-mir-4274	MIMAT0016906	hsa-miR-4274
HSA-MIR-4278	hsa-mir-4278	MIMAT0016910	hsa-miR-4278
HSA-MIR-4280	hsa-mir-4280	MIMAT0016911	hsa-miR-4280
HSA-MIR-4281	hsa-mir-4281	MIMAT0016907	hsa-miR-4281
HSA-MIR-4283	hsa-mir-4283	MIMAT0016914	hsa-miR-4283
HSA-MIR-4286	hsa-mir-4286	MIMAT0016916	hsa-miR-4286
HSA-MIR-4290	hsa-mir-4290	MIMAT0016921	hsa-miR-4290
HSA-MIR-4292	hsa-mir-4292	MIMAT0016919	hsa-miR-4292
HSA-MIR-4296	hsa-mir-4296	MIMAT0016845	hsa-miR-4296
HSA-MIR-4297	hsa-mir-4297	MIMAT0016846	hsa-miR-4297
HSA-MIR-4298	hsa-mir-4298	MIMAT0016852	hsa-miR-4298
HSA-MIR-4300	hsa-mir-4300	MIMAT0016853	hsa-miR-4300
HSA-MIR-4304	hsa-mir-4304	MIMAT0016854	hsa-miR-4304
HSA-MIR-4311	hsa-mir-4311	MIMAT0016863	hsa-miR-4311
HSA-MIR-4313	hsa-mir-4313	MIMAT0016865	hsa-miR-4313
HSA-MIR-4314	hsa-mir-4314	MIMAT0016868	hsa-miR-4314
HSA-MIR-4319	hsa-mir-4319	MIMAT0016870	hsa-miR-4319
HSA-MIR-4322	hsa-mir-4322	MIMAT0016873	hsa-miR-4322
HSA-MIR-4323	hsa-mir-4323	MIMAT0016875	hsa-miR-4323
HSA-MIR-4325	hsa-mir-4325	MIMAT0016887	hsa-miR-4325
HSA-MIR-432-5P	hsa-mir-432-5p	MIMAT0002814	hsa-miR-432-5p
HSA-MIR-4326	hsa-mir-4326	MIMAT0016888	hsa-miR-4326
HSA-MIR-4417	hsa-mir-4417	MIMAT0018929	hsa-miR-4417
HSA-MIR-4418	hsa-mir-4418	MIMAT0018930	hsa-miR-4418
HSA-MIR-4419A	hsa-mir-4419a	MIMAT0018931	hsa-miR-4419a
HSA-MIR-4422	hsa-mir-4422	MIMAT0018935	hsa-miR-4422
HSA-MIR-4423-3P	hsa-mir-4423-3p	MIMAT0018936	hsa-miR-4423-3p
HSA-MIR-4423-5P	hsa-mir-4423-5p	MIMAT0019232	hsa-miR-4423-5p
HSA-MIR-4424	hsa-mir-4424	MIMAT0018939	hsa-miR-4424
HSA-MIR-4427	hsa-mir-4427	MIMAT0018942	hsa-miR-4427
HSA-MIR-4428	hsa-mir-4428	MIMAT0018943	hsa-miR-4428
HSA-MIR-4429	hsa-mir-4429	MIMAT0018944	hsa-miR-4429
HSA-MIR-4433-3P	hsa-mir-4433-3p	MIMAT0018949	hsa-miR-4433-3p
HSA-MIR-4433-5P	hsa-mir-4433-5p	MIMAT0020956	hsa-miR-4433-5p
HSA-MIR-4433B-3P	hsa-mir-4433b-3p	MIMAT0030414	hsa-miR-4433b-3p
HSA-MIR-4435	hsa-mir-4435	MIMAT0018951	hsa-miR-4435
HSA-MIR-4436A	hsa-mir-4436a	MIMAT0018952	hsa-miR-4436a
HSA-MIR-4436B-3P	hsa-mir-4436b-3p	MIMAT0019941	hsa-miR-4436b-3p
HSA-MIR-4436B-5P	hsa-mir-4436b-5p	MIMAT0019940	hsa-miR-4436b-5p
HSA-MIR-4437	hsa-mir-4437	MIMAT0018953	hsa-miR-4437
HSA-MIR-4441	hsa-mir-4441	MIMAT0018959	hsa-miR-4441
HSA-MIR-4446-3P	hsa-mir-4446-3p	MIMAT0018965	hsa-miR-4446-3p
HSA-MIR-4447	hsa-mir-4447	MIMAT0018966	hsa-miR-4447
HSA-MIR-4448	hsa-mir-4448	MIMAT0018967	hsa-miR-4448
HSA-MIR-4449	hsa-mir-4449	MIMAT0018968	hsa-miR-4449
HSA-MIR-4451	hsa-mir-4451	MIMAT0018973	hsa-miR-4451
HSA-MIR-4456	hsa-mir-4456	MIMAT0018978	hsa-miR-4456
HSA-MIR-4457	hsa-mir-4457	MIMAT0018979	hsa-miR-4457
HSA-MIR-4458	hsa-mir-4458	MIMAT0018980	hsa-miR-4458
HSA-MIR-4462	hsa-mir-4462	MIMAT0018986	hsa-miR-4462
HSA-MIR-4466	hsa-mir-4466	MIMAT0018993	hsa-miR-4466
HSA-MIR-4467	hsa-mir-4467	MIMAT0018994	hsa-miR-4467
HSA-MIR-4469	hsa-mir-4469	MIMAT0018996	hsa-miR-4469
HSA-MIR-4472	hsa-mir-4472	MIMAT0018999	hsa-miR-4472
HSA-MIR-4474-3P	hsa-mir-4474-3p	MIMAT0019001	hsa-miR-4474-3p
HSA-MIR-4475	hsa-mir-4475	MIMAT0019002	hsa-miR-4475
HSA-MIR-4476	hsa-mir-4476	MIMAT0019003	hsa-miR-4476
HSA-MIR-4479	hsa-mir-4479	MIMAT0019011	hsa-miR-4479
HSA-MIR-4481	hsa-mir-4481	MIMAT0019015	hsa-miR-4481
HSA-MIR-4482-5P	hsa-mir-4482-5p	MIMAT0019016	hsa-miR-4482-5p
HSA-MIR-4483	hsa-mir-4483	MIMAT0019017	hsa-miR-4483
HSA-MIR-4484	hsa-mir-4484	MIMAT0019018	hsa-miR-4484
HSA-MIR-4487	hsa-mir-4487	MIMAT0019021	hsa-miR-4487
HSA-MIR-4488	hsa-mir-4488	MIMAT0019022	hsa-miR-4488
HSA-MIR-4489	hsa-mir-4489	MIMAT0019023	hsa-miR-4489
HSA-MIR-4490	hsa-mir-4490	MIMAT0019025	hsa-miR-4490
HSA-MIR-4492	hsa-mir-4492	MIMAT0019027	hsa-miR-4492
HSA-MIR-4497	hsa-mir-4497	MIMAT0019032	hsa-miR-4497
HSA-MIR-4498	hsa-mir-4498	MIMAT0019033	hsa-miR-4498
HSA-MIR-449C-5P	hsa-mir-449c-5p	MIMAT0010251	hsa-miR-449c-5p
HSA-MIR-4505	hsa-mir-4505	MIMAT0019041	hsa-miR-4505
HSA-MIR-4507	hsa-mir-4507	MIMAT0019044	hsa-miR-4507
HSA-MIR-4508	hsa-mir-4508	MIMAT0019045	hsa-miR-4508
HSA-MIR-450A-1-3P	hsa-mir-450a-1-3p	MIMAT0022700	hsa-miR-450a-1-3p
HSA-MIR-450A-2-3P	hsa-mir-450a-2-3p	MIMAT0031074	hsa-miR-450a-2-3p
HSA-MIR-4510	hsa-mir-4510	MIMAT0019047	hsa-miR-4510
HSA-MIR-4512	hsa-mir-4512	MIMAT0019049	hsa-miR-4512
HSA-MIR-4514	hsa-mir-4514	MIMAT0019051	hsa-miR-4514
HSA-MIR-4518	hsa-mir-4518	MIMAT0019055	hsa-miR-4518
HSA-MIR-4519	hsa-mir-4519	MIMAT0019056	hsa-miR-4519
HSA-MIR-4522	hsa-mir-4522	MIMAT0019060	hsa-miR-4522
HSA-MIR-4524A-3P	hsa-mir-4524a-3p	MIMAT0019063	hsa-miR-4524a-3p
HSA-MIR-4525	hsa-mir-4525	MIMAT0019064	hsa-miR-4525
HSA-MIR-452-5P	hsa-mir-452-5p	MIMAT0001635	hsa-miR-452-5p
HSA-MIR-4526	hsa-mir-4526	MIMAT0019065	hsa-miR-4526
HSA-MIR-4529-5P	hsa-mir-4529-5p	MIMAT0019236	hsa-miR-4529-5p
HSA-MIR-4530	hsa-mir-4530	MIMAT0019069	hsa-miR-4530
HSA-MIR-4532	hsa-mir-4532	MIMAT0019071	hsa-miR-4532
HSA-MIR-4533	hsa-mir-4533	MIMAT0019072	hsa-miR-4533
HSA-MIR-4534	hsa-mir-4534	MIMAT0019073	hsa-miR-4534
HSA-MIR-4632-3P	hsa-mir-4632-3p	MIMAT0019688	hsa-miR-4632-3p
HSA-MIR-4632-5P	hsa-mir-4632-5p	MIMAT0022977	hsa-miR-4632-5p
HSA-MIR-4633-3P	hsa-mir-4633-3p	MIMAT0019690	hsa-miR-4633-3p
HSA-MIR-4633-5P	hsa-mir-4633-5p	MIMAT0019689	hsa-miR-4633-5p
HSA-MIR-4634	hsa-mir-4634	MIMAT0019691	hsa-miR-4634
HSA-MIR-4640-5P	hsa-mir-4640-5p	MIMAT0019699	hsa-miR-4640-5p
HSA-MIR-4643	hsa-mir-4643	MIMAT0019703	hsa-miR-4643
HSA-MIR-4646-5P	hsa-mir-4646-5p	MIMAT0019707	hsa-miR-4646-5p
HSA-MIR-4647	hsa-mir-4647	MIMAT0019709	hsa-miR-4647
HSA-MIR-4649-5P	hsa-mir-4649-5p	MIMAT0019711	hsa-miR-4649-5p
HSA-MIR-4650-3P	hsa-mir-4650-3p	MIMAT0019714	hsa-miR-4650-3p
HSA-MIR-4650-5P	hsa-mir-4650-5p	MIMAT0019713	hsa-miR-4650-5p
HSA-MIR-4651	hsa-mir-4651	MIMAT0019715	hsa-miR-4651
HSA-MIR-4652-5P	hsa-mir-4652-5p	MIMAT0019716	hsa-miR-4652-5p
HSA-MIR-4655-5P	hsa-mir-4655-5p	MIMAT0019721	hsa-miR-4655-5p
HSA-MIR-4656	hsa-mir-4656	MIMAT0019723	hsa-miR-4656
HSA-MIR-4660	hsa-mir-4660	MIMAT0019728	hsa-miR-4660
HSA-MIR-4661-5P	hsa-mir-4661-5p	MIMAT0019729	hsa-miR-4661-5p
HSA-MIR-4664-5P	hsa-mir-4664-5p	MIMAT0019737	hsa-miR-4664-5p
HSA-MIR-4665-5P	hsa-mir-4665-5p	MIMAT0019739	hsa-miR-4665-5p
HSA-MIR-4667-5P	hsa-mir-4667-5p	MIMAT0019743	hsa-miR-4667-5p
HSA-MIR-4668-3P	hsa-mir-4668-3p	MIMAT0019746	hsa-miR-4668-3p
HSA-MIR-4670-3P	hsa-mir-4670-3p	MIMAT0019751	hsa-miR-4670-3p
HSA-MIR-4674	hsa-mir-4674	MIMAT0019756	hsa-miR-4674
HSA-MIR-4675	hsa-mir-4675	MIMAT0019757	hsa-miR-4675
HSA-MIR-4676-3P	hsa-mir-4676-3p	MIMAT0019759	hsa-miR-4676-3p
HSA-MIR-4677-3P	hsa-mir-4677-3p	MIMAT0019761	hsa-miR-4677-3p
HSA-MIR-4680-5P	hsa-mir-4680-5p	MIMAT0019764	hsa-miR-4680-5p
HSA-MIR-4681	hsa-mir-4681	MIMAT0019766	hsa-miR-4681
HSA-MIR-4684-3P	hsa-mir-4684-3p	MIMAT0019770	hsa-miR-4684-3p
HSA-MIR-4685-5P	hsa-mir-4685-5p	MIMAT0019771	hsa-miR-4685-5p
HSA-MIR-4687-3P	hsa-mir-4687-3p	MIMAT0019775	hsa-miR-4687-3p
HSA-MIR-4687-5P	hsa-mir-4687-5p	MIMAT0019774	hsa-miR-4687-5p
HSA-MIR-4688	hsa-mir-4688	MIMAT0019777	hsa-miR-4688
HSA-MIR-4690-3P	hsa-mir-4690-3p	MIMAT0019780	hsa-miR-4690-3p
HSA-MIR-4690-5P	hsa-mir-4690-5p	MIMAT0019779	hsa-miR-4690-5p
HSA-MIR-4692	hsa-mir-4692	MIMAT0019783	hsa-miR-4692
HSA-MIR-4695-5P	hsa-mir-4695-5p	MIMAT0019788	hsa-miR-4695-5p
HSA-MIR-4697-5P	hsa-mir-4697-5p	MIMAT0019791	hsa-miR-4697-5p
HSA-MIR-4698	hsa-mir-4698	MIMAT0019793	hsa-miR-4698
HSA-MIR-4700-3P	hsa-mir-4700-3p	MIMAT0019797	hsa-miR-4700-3p
HSA-MIR-4700-5P	hsa-mir-4700-5p	MIMAT0019796	hsa-miR-4700-5p
HSA-MIR-4701-3P	hsa-mir-4701-3p	MIMAT0019799	hsa-miR-4701-3p
HSA-MIR-4701-5P	hsa-mir-4701-5p	MIMAT0019798	hsa-miR-4701-5p
HSA-MIR-4706	hsa-mir-4706	MIMAT0019806	hsa-miR-4706
HSA-MIR-4707-5P	hsa-mir-4707-5p	MIMAT0019807	hsa-miR-4707-5p
HSA-MIR-4708-3P	hsa-mir-4708-3p	MIMAT0019810	hsa-miR-4708-3p
HSA-MIR-4710	hsa-mir-4710	MIMAT0019815	hsa-miR-4710
HSA-MIR-4711-3P	hsa-mir-4711-3p	MIMAT0019817	hsa-miR-4711-3p
HSA-MIR-4713-3P	hsa-mir-4713-3p	MIMAT0019821	hsa-miR-4713-3p
HSA-MIR-4713-5P	hsa-mir-4713-5p	MIMAT0019820	hsa-miR-4713-5p
HSA-MIR-4714-3P	hsa-mir-4714-3p	MIMAT0019823	hsa-miR-4714-3p
HSA-MIR-4715-3P	hsa-mir-4715-3p	MIMAT0019825	hsa-miR-4715-3p
HSA-MIR-4716-3P	hsa-mir-4716-3p	MIMAT0019827	hsa-miR-4716-3p
HSA-MIR-4717-3P	hsa-mir-4717-3p	MIMAT0019830	hsa-miR-4717-3p
HSA-MIR-4717-5P	hsa-mir-4717-5p	MIMAT0019829	hsa-miR-4717-5p
HSA-MIR-4721	hsa-mir-4721	MIMAT0019835	hsa-miR-4721
HSA-MIR-4723-3P	hsa-mir-4723-3p	MIMAT0019839	hsa-miR-4723-3p
HSA-MIR-4723-5P	hsa-mir-4723-5p	MIMAT0019838	hsa-miR-4723-5p
HSA-MIR-4725-3P	hsa-mir-4725-3p	MIMAT0019844	hsa-miR-4725-3p
HSA-MIR-4725-5P	hsa-mir-4725-5p	MIMAT0019843	hsa-miR-4725-5p
HSA-MIR-4726-5P	hsa-mir-4726-5p	MIMAT0019845	hsa-miR-4726-5p
HSA-MIR-4728-5P	hsa-mir-4728-5p	MIMAT0019849	hsa-miR-4728-5p
HSA-MIR-4729	hsa-mir-4729	MIMAT0019851	hsa-miR-4729
HSA-MIR-4730	hsa-mir-4730	MIMAT0019852	hsa-miR-4730
HSA-MIR-4731-3P	hsa-mir-4731-3p	MIMAT0019854	hsa-miR-4731-3p
HSA-MIR-4731-5P	hsa-mir-4731-5p	MIMAT0019853	hsa-miR-4731-5p
HSA-MIR-4734	hsa-mir-4734	MIMAT0019859	hsa-miR-4734
HSA-MIR-4735-5P	hsa-mir-4735-5p	MIMAT0019860	hsa-miR-4735-5p
HSA-MIR-4736	hsa-mir-4736	MIMAT0019862	hsa-miR-4736
HSA-MIR-4739	hsa-mir-4739	MIMAT0019868	hsa-miR-4739
HSA-MIR-4740-3P	hsa-mir-4740-3p	MIMAT0019870	hsa-miR-4740-3p
HSA-MIR-4741	hsa-mir-4741	MIMAT0019871	hsa-miR-4741
HSA-MIR-4743-5P	hsa-mir-4743-5p	MIMAT0019874	hsa-miR-4743-5p
HSA-MIR-4745-3P	hsa-mir-4745-3p	MIMAT0019879	hsa-miR-4745-3p
HSA-MIR-4745-5P	hsa-mir-4745-5p	MIMAT0019878	hsa-miR-4745-5p
HSA-MIR-4746-3P	hsa-mir-4746-3p	MIMAT0019881	hsa-miR-4746-3p
HSA-MIR-4746-5P	hsa-mir-4746-5p	MIMAT0019880	hsa-miR-4746-5p
HSA-MIR-4747-3P	hsa-mir-4747-3p	MIMAT0019883	hsa-miR-4747-3p
HSA-MIR-4747-5P	hsa-mir-4747-5p	MIMAT0019882	hsa-miR-4747-5p
HSA-MIR-4749-3P	hsa-mir-4749-3p	MIMAT0019886	hsa-miR-4749-3p
HSA-MIR-4749-5P	hsa-mir-4749-5p	MIMAT0019885	hsa-miR-4749-5p
HSA-MIR-4756-3P	hsa-mir-4756-3p	MIMAT0019900	hsa-miR-4756-3p
HSA-MIR-4756-5P	hsa-mir-4756-5p	MIMAT0019899	hsa-miR-4756-5p
HSA-MIR-4757-5P	hsa-mir-4757-5p	MIMAT0019901	hsa-miR-4757-5p
HSA-MIR-4758-3P	hsa-mir-4758-3p	MIMAT0019904	hsa-miR-4758-3p
HSA-MIR-4758-5P	hsa-mir-4758-5p	MIMAT0019903	hsa-miR-4758-5p
HSA-MIR-4761-3P	hsa-mir-4761-3p	MIMAT0019909	hsa-miR-4761-3p
HSA-MIR-4763-3P	hsa-mir-4763-3p	MIMAT0019913	hsa-miR-4763-3p
HSA-MIR-4764-5P	hsa-mir-4764-5p	MIMAT0019914	hsa-miR-4764-5p
HSA-MIR-4766-3P	hsa-mir-4766-3p	MIMAT0019918	hsa-miR-4766-3p
HSA-MIR-4767	hsa-mir-4767	MIMAT0019919	hsa-miR-4767
HSA-MIR-4775	hsa-mir-4775	MIMAT0019931	hsa-miR-4775
HSA-MIR-4776-5P	hsa-mir-4776-5p	MIMAT0019932	hsa-miR-4776-5p
HSA-MIR-4778-3P	hsa-mir-4778-3p	MIMAT0019937	hsa-miR-4778-3p
HSA-MIR-4779	hsa-mir-4779	MIMAT0019938	hsa-miR-4779
HSA-MIR-4781-5P	hsa-mir-4781-5p	MIMAT0019942	hsa-miR-4781-5p
HSA-MIR-4783-3P	hsa-mir-4783-3p	MIMAT0019947	hsa-miR-4783-3p
HSA-MIR-4783-5P	hsa-mir-4783-5p	MIMAT0019946	hsa-miR-4783-5p
HSA-MIR-4786-5P	hsa-mir-4786-5p	MIMAT0019954	hsa-miR-4786-5p
HSA-MIR-4787-3P	hsa-mir-4787-3p	MIMAT0019957	hsa-miR-4787-3p
HSA-MIR-4787-5P	hsa-mir-4787-5p	MIMAT0019956	hsa-miR-4787-5p
HSA-MIR-4789-3P	hsa-mir-4789-3p	MIMAT0019960	hsa-miR-4789-3p
HSA-MIR-4792	hsa-mir-4792	MIMAT0019964	hsa-miR-4792
HSA-MIR-4793-5P	hsa-mir-4793-5p	MIMAT0019965	hsa-miR-4793-5p
HSA-MIR-4795-3P	hsa-mir-4795-3p	MIMAT0019969	hsa-miR-4795-3p
HSA-MIR-4798-5P	hsa-mir-4798-5p	MIMAT0019974	hsa-miR-4798-5p
HSA-MIR-4799-3P	hsa-mir-4799-3p	MIMAT0019977	hsa-miR-4799-3p
HSA-MIR-4801	hsa-mir-4801	MIMAT0019980	hsa-miR-4801
HSA-MIR-4802-5P	hsa-mir-4802-5p	MIMAT0019981	hsa-miR-4802-5p
HSA-MIR-483-3P	hsa-mir-483-3p	MIMAT0002173	hsa-miR-483-3p
HSA-MIR-483-5P	hsa-mir-483-5p	MIMAT0004761	hsa-miR-483-5p
HSA-MIR-484	hsa-mir-484	MIMAT0002174	hsa-miR-484
HSA-MIR-485-3P	hsa-mir-485-3p	MIMAT0002176	hsa-miR-485-3p
HSA-MIR-486-3P	hsa-mir-486-3p	MIMAT0004762	hsa-miR-486-3p
HSA-MIR-493-5P	hsa-mir-493-5p	MIMAT0002813	hsa-miR-493-5p
HSA-MIR-494-5P	hsa-mir-494-5p	MIMAT0026607	hsa-miR-494-5p
HSA-MIR-497-5P	hsa-mir-497-5p	MIMAT0002820	hsa-miR-497-5p
HSA-MIR-5001-5P	hsa-mir-5001-5p	MIMAT0021021	hsa-miR-5001-5p
HSA-MIR-5002-3P	hsa-mir-5002-3p	MIMAT0021024	hsa-miR-5002-3p
HSA-MIR-5002-5P	hsa-mir-5002-5p	MIMAT0021023	hsa-miR-5002-5p
HSA-MIR-5003-3P	hsa-mir-5003-3p	MIMAT0021026	hsa-miR-5003-3p
HSA-MIR-5006-3P	hsa-mir-5006-3p	MIMAT0021034	hsa-miR-5006-3p
HSA-MIR-5008-3P	hsa-mir-5008-3p	MIMAT0021040	hsa-miR-5008-3p
HSA-MIR-5008-5P	hsa-mir-5008-5p	MIMAT0021039	hsa-miR-5008-5p
HSA-MIR-500B-3P	hsa-mir-500b-3p	MIMAT0027032	hsa-miR-500b-3p
HSA-MIR-5010-5P	hsa-mir-5010-5p	MIMAT0021043	hsa-miR-5010-5p
HSA-MIR-503-5P	hsa-mir-503-5p	MIMAT0002874	hsa-miR-503-5p
HSA-MIR-5047	hsa-mir-5047	MIMAT0020541	hsa-miR-5047
HSA-MIR-505-5P	hsa-mir-505-5p	MIMAT0004776	hsa-miR-505-5p
HSA-MIR-5088-5P	hsa-mir-5088-5p	MIMAT0021080	hsa-miR-5088-5p
HSA-MIR-5090	hsa-mir-5090	MIMAT0021082	hsa-miR-5090
HSA-MIR-5092	hsa-mir-5092	MIMAT0021084	hsa-miR-5092
HSA-MIR-509-3-5P	hsa-mir-509-3-5p	MIMAT0004975	hsa-miR-509-3-5p
HSA-MIR-5095	hsa-mir-5095	MIMAT0020600	hsa-miR-5095
HSA-MIR-509-5P	hsa-mir-509-5p	MIMAT0004779	hsa-miR-509-5p
HSA-MIR-513A-3P	hsa-mir-513a-3p	MIMAT0004777	hsa-miR-513a-3p
HSA-MIR-513A-5P	hsa-mir-513a-5p	MIMAT0002877	hsa-miR-513a-5p
HSA-MIR-513B-5P	hsa-mir-513b-5p	MIMAT0005788	hsa-miR-513b-5p
HSA-MIR-513C-3P	hsa-mir-513c-3p	MIMAT0022728	hsa-miR-513c-3p
HSA-MIR-514A-5P	hsa-mir-514a-5p	MIMAT0022702	hsa-miR-514a-5p
HSA-MIR-5187-5P	hsa-mir-5187-5p	MIMAT0021117	hsa-miR-5187-5p
HSA-MIR-5189-5P	hsa-mir-5189-5p	MIMAT0021120	hsa-miR-5189-5p
HSA-MIR-518A-5P	hsa-mir-518a-5p	MIMAT0005457	hsa-miR-518a-5p
HSA-MIR-518C-5P	hsa-mir-518c-5p	MIMAT0002847	hsa-miR-518c-5p
HSA-MIR-5193	hsa-mir-5193	MIMAT0021124	hsa-miR-5193
HSA-MIR-5194	hsa-mir-5194	MIMAT0021125	hsa-miR-5194
HSA-MIR-5195-3P	hsa-mir-5195-3p	MIMAT0021127	hsa-miR-5195-3p
HSA-MIR-5196-5P	hsa-mir-5196-5p	MIMAT0021128	hsa-miR-5196-5p
HSA-MIR-520D-5P	hsa-mir-520d-5p	MIMAT0002855	hsa-miR-520d-5p
HSA-MIR-521	hsa-mir-521	MIMAT0002854	hsa-miR-521
HSA-MIR-523-3P	hsa-mir-523-3p	MIMAT0002840	hsa-miR-523-3p
HSA-MIR-524-3P	hsa-mir-524-3p	MIMAT0002850	hsa-miR-524-3p
HSA-MIR-524-5P	hsa-mir-524-5p	MIMAT0002849	hsa-miR-524-5p
HSA-MIR-525-3P	hsa-mir-525-3p	MIMAT0002839	hsa-miR-525-3p
HSA-MIR-526B-5P	hsa-mir-526b-5p	MIMAT0002835	hsa-miR-526b-5p
HSA-MIR-527	hsa-mir-527	MIMAT0002862	hsa-miR-527
HSA-MIR-532-3P	hsa-mir-532-3p	MIMAT0004780	hsa-miR-532-3p
HSA-MIR-541-3P	hsa-mir-541-3p	MIMAT0004920	hsa-miR-541-3p
HSA-MIR-542-5P	hsa-mir-542-5p	MIMAT0003340	hsa-miR-542-5p
HSA-MIR-544B	hsa-mir-544b	MIMAT0015004	hsa-miR-544b
HSA-MIR-545-5P	hsa-mir-545-5p	MIMAT0004785	hsa-miR-545-5p
HSA-MIR-548A-5P	hsa-mir-548a-5p	MIMAT0004803	hsa-miR-548a-5p
HSA-MIR-548AB	hsa-mir-548ab	MIMAT0018928	hsa-miR-548ab
HSA-MIR-548AK	hsa-mir-548ak	MIMAT0019013	hsa-miR-548ak
HSA-MIR-548AM-5P	hsa-mir-548am-5p	MIMAT0022740	hsa-miR-548am-5p
HSA-MIR-548AP-5P	hsa-mir-548ap-5p	MIMAT0021037	hsa-miR-548ap-5p
HSA-MIR-548AQ-5P	hsa-mir-548aq-5p	MIMAT0022263	hsa-miR-548aq-5p
HSA-MIR-548AR-5P	hsa-mir-548ar-5p	MIMAT0022265	hsa-miR-548ar-5p
HSA-MIR-548AS-3P	hsa-mir-548as-3p	MIMAT0022268	hsa-miR-548as-3p
HSA-MIR-548AS-5P	hsa-mir-548as-5p	MIMAT0022267	hsa-miR-548as-5p
HSA-MIR-548AU-5P	hsa-mir-548au-5p	MIMAT0022291	hsa-miR-548au-5p
HSA-MIR-548AY-5P	hsa-mir-548ay-5p	MIMAT0025452	hsa-miR-548ay-5p
HSA-MIR-548B-5P	hsa-mir-548b-5p	MIMAT0004798	hsa-miR-548b-5p
HSA-MIR-548C-3P	hsa-mir-548c-3p	MIMAT0003285	hsa-miR-548c-3p
HSA-MIR-548C-5P	hsa-mir-548c-5p	MIMAT0004806	hsa-miR-548c-5p
HSA-MIR-548D-5P	hsa-mir-548d-5p	MIMAT0004812	hsa-miR-548d-5p
HSA-MIR-548E-5P	hsa-mir-548e-5p	MIMAT0026736	hsa-miR-548e-5p
HSA-MIR-548H-5P	hsa-mir-548h-5p	MIMAT0005928	hsa-miR-548h-5p
HSA-MIR-548I	hsa-mir-548i	MIMAT0005935	hsa-miR-548i
HSA-MIR-548J-5P	hsa-mir-548j-5p	MIMAT0005875	hsa-miR-548j-5p
HSA-MIR-548N	hsa-mir-548n	MIMAT0005916	hsa-miR-548n
HSA-MIR-548O-5P	hsa-mir-548o-5p	MIMAT0022738	hsa-miR-548o-5p
HSA-MIR-548Q	hsa-mir-548q	MIMAT0011163	hsa-miR-548q
HSA-MIR-548W	hsa-mir-548w	MIMAT0015060	hsa-miR-548w
HSA-MIR-548Y	hsa-mir-548y	MIMAT0018354	hsa-miR-548y
HSA-MIR-550B-2-5P	hsa-mir-550b-2-5p	MIMAT0022737	hsa-miR-550b-2-5p
HSA-MIR-551A	hsa-mir-551a	MIMAT0003214	hsa-miR-551a
HSA-MIR-551B-3P	hsa-mir-551b-3p	MIMAT0003233	hsa-miR-551b-3p
HSA-MIR-552-3P	hsa-mir-552-3p	MIMAT0003215	hsa-miR-552-3p
HSA-MIR-556-5P	hsa-mir-556-5p	MIMAT0003220	hsa-miR-556-5p
HSA-MIR-5571-3P	hsa-mir-5571-3p	MIMAT0022258	hsa-miR-5571-3p
HSA-MIR-5572	hsa-mir-5572	MIMAT0022260	hsa-miR-5572
HSA-MIR-558	hsa-mir-558	MIMAT0003222	hsa-miR-558
HSA-MIR-5580-5P	hsa-mir-5580-5p	MIMAT0022273	hsa-miR-5580-5p
HSA-MIR-5581-5P	hsa-mir-5581-5p	MIMAT0022275	hsa-miR-5581-5p
HSA-MIR-5584-5P	hsa-mir-5584-5p	MIMAT0022283	hsa-miR-5584-5p
HSA-MIR-5586-3P	hsa-mir-5586-3p	MIMAT0022288	hsa-miR-5586-3p
HSA-MIR-5586-5P	hsa-mir-5586-5p	MIMAT0022287	hsa-miR-5586-5p
HSA-MIR-5587-3P	hsa-mir-5587-3p	MIMAT0022290	hsa-miR-5587-3p
HSA-MIR-5588-3P	hsa-mir-5588-3p	MIMAT0022296	hsa-miR-5588-3p
HSA-MIR-5589-3P	hsa-mir-5589-3p	MIMAT0022298	hsa-miR-5589-3p
HSA-MIR-5589-5P	hsa-mir-5589-5p	MIMAT0022297	hsa-miR-5589-5p
HSA-MIR-559	hsa-mir-559	MIMAT0003223	hsa-miR-559
HSA-MIR-5591-5P	hsa-mir-5591-5p	MIMAT0022301	hsa-miR-5591-5p
HSA-MIR-564	hsa-mir-564	MIMAT0003228	hsa-miR-564
HSA-MIR-566	hsa-mir-566	MIMAT0003230	hsa-miR-566
HSA-MIR-5681A	hsa-mir-5681a	MIMAT0022469	hsa-miR-5681a
HSA-MIR-5685	hsa-mir-5685	MIMAT0022475	hsa-miR-5685
HSA-MIR-569	hsa-mir-569	MIMAT0003234	hsa-miR-569
HSA-MIR-5692A	hsa-mir-5692a	MIMAT0022484	hsa-miR-5692a
HSA-MIR-5696	hsa-mir-5696	MIMAT0022489	hsa-miR-5696
HSA-MIR-5698	hsa-mir-5698	MIMAT0022491	hsa-miR-5698
HSA-MIR-5699-5P	hsa-mir-5699-5p	MIMAT0027103	hsa-miR-5699-5p
HSA-MIR-5700	hsa-mir-5700	MIMAT0022493	hsa-miR-5700
HSA-MIR-570-3P	hsa-mir-570-3p	MIMAT0003235	hsa-miR-570-3p
HSA-MIR-5705	hsa-mir-5705	MIMAT0022499	hsa-miR-5705
HSA-MIR-574-5P	hsa-mir-574-5p	MIMAT0004795	hsa-miR-574-5p
HSA-MIR-576-5P	hsa-mir-576-5p	MIMAT0003241	hsa-miR-576-5p
HSA-MIR-577	hsa-mir-577	MIMAT0003242	hsa-miR-577
HSA-MIR-5787	hsa-mir-5787	MIMAT0023252	hsa-miR-5787
HSA-MIR-584-3P	hsa-mir-584-3p	MIMAT0022708	hsa-miR-584-3p
HSA-MIR-589-3P	hsa-mir-589-3p	MIMAT0003256	hsa-miR-589-3p
HSA-MIR-590-3P	hsa-mir-590-3p	MIMAT0004801	hsa-miR-590-3p
HSA-MIR-597-3P	hsa-mir-597-3p	MIMAT0026619	hsa-miR-597-3p
HSA-MIR-600	hsa-mir-600	MIMAT0003268	hsa-miR-600
HSA-MIR-602	hsa-mir-602	MIMAT0003270	hsa-miR-602
HSA-MIR-603	hsa-mir-603	MIMAT0003271	hsa-miR-603
HSA-MIR-604	hsa-mir-604	MIMAT0003272	hsa-miR-604
HSA-MIR-605-5P	hsa-mir-605-5p	MIMAT0003273	hsa-miR-605-5p
HSA-MIR-6068	hsa-mir-6068	MIMAT0023693	hsa-miR-6068
HSA-MIR-6075	hsa-mir-6075	MIMAT0023700	hsa-miR-6075
HSA-MIR-6077	hsa-mir-6077	MIMAT0023702	hsa-miR-6077
HSA-MIR-608	hsa-mir-608	MIMAT0003276	hsa-miR-608
HSA-MIR-6081	hsa-mir-6081	MIMAT0023706	hsa-miR-6081
HSA-MIR-6085	hsa-mir-6085	MIMAT0023710	hsa-miR-6085
HSA-MIR-6086	hsa-mir-6086	MIMAT0023711	hsa-miR-6086
HSA-MIR-6087	hsa-mir-6087	MIMAT0023712	hsa-miR-6087
HSA-MIR-6088	hsa-mir-6088	MIMAT0023713	hsa-miR-6088
HSA-MIR-6089	hsa-mir-6089	MIMAT0023714	hsa-miR-6089
HSA-MIR-6090	hsa-mir-6090	MIMAT0023715	hsa-miR-6090
HSA-MIR-611	hsa-mir-611	MIMAT0003279	hsa-miR-611
HSA-MIR-612	hsa-mir-612	MIMAT0003280	hsa-miR-612
HSA-MIR-6127	hsa-mir-6127	MIMAT0024610	hsa-miR-6127
HSA-MIR-6129	hsa-mir-6129	MIMAT0024613	hsa-miR-6129
HSA-MIR-6130	hsa-mir-6130	MIMAT0024614	hsa-miR-6130
HSA-MIR-6132	hsa-mir-6132	MIMAT0024616	hsa-miR-6132
HSA-MIR-6133	hsa-mir-6133	MIMAT0024617	hsa-miR-6133
HSA-MIR-619-5P	hsa-mir-619-5p	MIMAT0026622	hsa-miR-619-5p
HSA-MIR-625-5P	hsa-mir-625-5p	MIMAT0003294	hsa-miR-625-5p
HSA-MIR-628-5P	hsa-mir-628-5p	MIMAT0004809	hsa-miR-628-5p
HSA-MIR-629-5P	hsa-mir-629-5p	MIMAT0004810	hsa-miR-629-5p
HSA-MIR-634	hsa-mir-634	MIMAT0003304	hsa-miR-634
HSA-MIR-635	hsa-mir-635	MIMAT0003305	hsa-miR-635
HSA-MIR-637	hsa-mir-637	MIMAT0003307	hsa-miR-637
HSA-MIR-639	hsa-mir-639	MIMAT0003309	hsa-miR-639
HSA-MIR-642A-3P	hsa-mir-642a-3p	MIMAT0020924	hsa-miR-642a-3p
HSA-MIR-642A-5P	hsa-mir-642a-5p	MIMAT0003312	hsa-miR-642a-5p
HSA-MIR-642B-3P	hsa-mir-642b-3p	MIMAT0018444	hsa-miR-642b-3p
HSA-MIR-644A	hsa-mir-644a	MIMAT0003314	hsa-miR-644a
HSA-MIR-646	hsa-mir-646	MIMAT0003316	hsa-miR-646
HSA-MIR-647	hsa-mir-647	MIMAT0003317	hsa-miR-647
HSA-MIR-6499-5P	hsa-mir-6499-5p	MIMAT0025450	hsa-miR-6499-5p
HSA-MIR-650	hsa-mir-650	MIMAT0003320	hsa-miR-650
HSA-MIR-6500-5P	hsa-mir-6500-5p	MIMAT0025454	hsa-miR-6500-5p
HSA-MIR-6501-3P	hsa-mir-6501-3p	MIMAT0025459	hsa-miR-6501-3p
HSA-MIR-6504-5P	hsa-mir-6504-5p	MIMAT0025464	hsa-miR-6504-5p
HSA-MIR-6505-5P	hsa-mir-6505-5p	MIMAT0025466	hsa-miR-6505-5p
HSA-MIR-6506-3P	hsa-mir-6506-3p	MIMAT0025469	hsa-miR-6506-3p
HSA-MIR-6506-5P	hsa-mir-6506-5p	MIMAT0025468	hsa-miR-6506-5p
HSA-MIR-6507-5P	hsa-mir-6507-5p	MIMAT0025470	hsa-miR-6507-5p
HSA-MIR-6508-3P	hsa-mir-6508-3p	MIMAT0025473	hsa-miR-6508-3p
HSA-MIR-6510-5P	hsa-mir-6510-5p	MIMAT0025476	hsa-miR-6510-5p
HSA-MIR-6511A-5P	hsa-mir-6511a-5p	MIMAT0025478	hsa-miR-6511a-5p
HSA-MIR-6511B-5P	hsa-mir-6511b-5p	MIMAT0025847	hsa-miR-6511b-5p
HSA-MIR-6512-3P	hsa-mir-6512-3p	MIMAT0025481	hsa-miR-6512-3p
HSA-MIR-6513-5P	hsa-mir-6513-5p	MIMAT0025482	hsa-miR-6513-5p
HSA-MIR-6515-5P	hsa-mir-6515-5p	MIMAT0025486	hsa-miR-6515-5p
HSA-MIR-652-3P	hsa-mir-652-3p	MIMAT0003322	hsa-miR-652-3p
HSA-MIR-653-3P	hsa-mir-653-3p	MIMAT0026625	hsa-miR-653-3p
HSA-MIR-654-5P	hsa-mir-654-5p	MIMAT0003330	hsa-miR-654-5p
HSA-MIR-655-3P	hsa-mir-655-3p	MIMAT0003331	hsa-miR-655-3p
HSA-MIR-656-3P	hsa-mir-656-3p	MIMAT0003332	hsa-miR-656-3p
HSA-MIR-656-5P	hsa-mir-656-5p	MIMAT0026627	hsa-miR-656-5p
HSA-MIR-657	hsa-mir-657	MIMAT0003335	hsa-miR-657
HSA-MIR-660-3P	hsa-mir-660-3p	MIMAT0022711	hsa-miR-660-3p
HSA-MIR-660-5P	hsa-mir-660-5p	MIMAT0003338	hsa-miR-660-5p
HSA-MIR-662	hsa-mir-662	MIMAT0003325	hsa-miR-662
HSA-MIR-663A	hsa-mir-663a	MIMAT0003326	hsa-miR-663a
HSA-MIR-663B	hsa-mir-663b	MIMAT0005867	hsa-miR-663b
HSA-MIR-665	hsa-mir-665	MIMAT0004952	hsa-miR-665
HSA-MIR-668-5P	hsa-mir-668-5p	MIMAT0026636	hsa-miR-668-5p
HSA-MIR-670-3P	hsa-mir-670-3p	MIMAT0026640	hsa-miR-670-3p
HSA-MIR-671-3P	hsa-mir-671-3p	MIMAT0004819	hsa-miR-671-3p
HSA-MIR-6715B-5P	hsa-mir-6715b-5p	MIMAT0025842	hsa-miR-6715b-5p
HSA-MIR-6716-5P	hsa-mir-6716-5p	MIMAT0025844	hsa-miR-6716-5p
HSA-MIR-6720-3P	hsa-mir-6720-3p	MIMAT0025851	hsa-miR-6720-3p
HSA-MIR-6720-5P	hsa-mir-6720-5p	MIMAT0027345	hsa-miR-6720-5p
HSA-MIR-6721-5P	hsa-mir-6721-5p	MIMAT0025852	hsa-miR-6721-5p
HSA-MIR-6722-3P	hsa-mir-6722-3p	MIMAT0025854	hsa-miR-6722-3p
HSA-MIR-6722-5P	hsa-mir-6722-5p	MIMAT0025853	hsa-miR-6722-5p
HSA-MIR-6724-5P	hsa-mir-6724-5p	MIMAT0025856	hsa-miR-6724-5p
HSA-MIR-6726-3P	hsa-mir-6726-3p	MIMAT0027354	hsa-miR-6726-3p
HSA-MIR-6726-5P	hsa-mir-6726-5p	MIMAT0027353	hsa-miR-6726-5p
HSA-MIR-6727-5P	hsa-mir-6727-5p	MIMAT0027355	hsa-miR-6727-5p
HSA-MIR-6728-5P	hsa-mir-6728-5p	MIMAT0027357	hsa-miR-6728-5p
HSA-MIR-6731-5P	hsa-mir-6731-5p	MIMAT0027363	hsa-miR-6731-5p
HSA-MIR-6732-5P	hsa-mir-6732-5p	MIMAT0027365	hsa-miR-6732-5p
HSA-MIR-6733-5P	hsa-mir-6733-5p	MIMAT0027367	hsa-miR-6733-5p
HSA-MIR-6734-3P	hsa-mir-6734-3p	MIMAT0027370	hsa-miR-6734-3p
HSA-MIR-6734-5P	hsa-mir-6734-5p	MIMAT0027369	hsa-miR-6734-5p
HSA-MIR-6735-3P	hsa-mir-6735-3p	MIMAT0027372	hsa-miR-6735-3p
HSA-MIR-6735-5P	hsa-mir-6735-5p	MIMAT0027371	hsa-miR-6735-5p
HSA-MIR-6736-3P	hsa-mir-6736-3p	MIMAT0027374	hsa-miR-6736-3p
HSA-MIR-6737-3P	hsa-mir-6737-3p	MIMAT0027376	hsa-miR-6737-3p
HSA-MIR-6737-5P	hsa-mir-6737-5p	MIMAT0027375	hsa-miR-6737-5p
HSA-MIR-6738-5P	hsa-mir-6738-5p	MIMAT0027377	hsa-miR-6738-5p
HSA-MIR-6739-5P	hsa-mir-6739-5p	MIMAT0027379	hsa-miR-6739-5p
HSA-MIR-6742-5P	hsa-mir-6742-5p	MIMAT0027385	hsa-miR-6742-5p
HSA-MIR-6743-3P	hsa-mir-6743-3p	MIMAT0027388	hsa-miR-6743-3p
HSA-MIR-6743-5P	hsa-mir-6743-5p	MIMAT0027387	hsa-miR-6743-5p
HSA-MIR-6744-3P	hsa-mir-6744-3p	MIMAT0027390	hsa-miR-6744-3p
HSA-MIR-6745	hsa-mir-6745	MIMAT0027391	hsa-miR-6745
HSA-MIR-6746-3P	hsa-mir-6746-3p	MIMAT0027393	hsa-miR-6746-3p
HSA-MIR-6747-5P	hsa-mir-6747-5p	MIMAT0027394	hsa-miR-6747-5p
HSA-MIR-6749-5P	hsa-mir-6749-5p	MIMAT0027398	hsa-miR-6749-5p
HSA-MIR-6750-5P	hsa-mir-6750-5p	MIMAT0027400	hsa-miR-6750-5p
HSA-MIR-6751-3P	hsa-mir-6751-3p	MIMAT0027403	hsa-miR-6751-3p
HSA-MIR-6751-5P	hsa-mir-6751-5p	MIMAT0027402	hsa-miR-6751-5p
HSA-MIR-6752-5P	hsa-mir-6752-5p	MIMAT0027404	hsa-miR-6752-5p
HSA-MIR-6753-5P	hsa-mir-6753-5p	MIMAT0027406	hsa-miR-6753-5p
HSA-MIR-6754-5P	hsa-mir-6754-5p	MIMAT0027408	hsa-miR-6754-5p
HSA-MIR-6755-5P	hsa-mir-6755-5p	MIMAT0027410	hsa-miR-6755-5p
HSA-MIR-6756-3P	hsa-mir-6756-3p	MIMAT0027413	hsa-miR-6756-3p
HSA-MIR-6756-5P	hsa-mir-6756-5p	MIMAT0027412	hsa-miR-6756-5p
HSA-MIR-6757-5P	hsa-mir-6757-5p	MIMAT0027414	hsa-miR-6757-5p
HSA-MIR-6759-5P	hsa-mir-6759-5p	MIMAT0027418	hsa-miR-6759-5p
HSA-MIR-6760-5P	hsa-mir-6760-5p	MIMAT0027420	hsa-miR-6760-5p
HSA-MIR-6762-3P	hsa-mir-6762-3p	MIMAT0027425	hsa-miR-6762-3p
HSA-MIR-6762-5P	hsa-mir-6762-5p	MIMAT0027424	hsa-miR-6762-5p
HSA-MIR-6763-3P	hsa-mir-6763-3p	MIMAT0027427	hsa-miR-6763-3p
HSA-MIR-6763-5P	hsa-mir-6763-5p	MIMAT0027426	hsa-miR-6763-5p
HSA-MIR-6765-5P	hsa-mir-6765-5p	MIMAT0027430	hsa-miR-6765-5p
HSA-MIR-6766-5P	hsa-mir-6766-5p	MIMAT0027432	hsa-miR-6766-5p
HSA-MIR-6767-3P	hsa-mir-6767-3p	MIMAT0027435	hsa-miR-6767-3p
HSA-MIR-6768-5P	hsa-mir-6768-5p	MIMAT0027436	hsa-miR-6768-5p
HSA-MIR-6769A-3P	hsa-mir-6769a-3p	MIMAT0027439	hsa-miR-6769a-3p
HSA-MIR-6769A-5P	hsa-mir-6769a-5p	MIMAT0027438	hsa-miR-6769a-5p
HSA-MIR-6769B-3P	hsa-mir-6769b-3p	MIMAT0027621	hsa-miR-6769b-3p
HSA-MIR-6769B-5P	hsa-mir-6769b-5p	MIMAT0027620	hsa-miR-6769b-5p
HSA-MIR-6770-3P	hsa-mir-6770-3p	MIMAT0027441	hsa-miR-6770-3p
HSA-MIR-6771-5P	hsa-mir-6771-5p	MIMAT0027442	hsa-miR-6771-5p
HSA-MIR-6772-3P	hsa-mir-6772-3p	MIMAT0027445	hsa-miR-6772-3p
HSA-MIR-6773-5P	hsa-mir-6773-5p	MIMAT0027446	hsa-miR-6773-5p
HSA-MIR-6774-3P	hsa-mir-6774-3p	MIMAT0027449	hsa-miR-6774-3p
HSA-MIR-6774-5P	hsa-mir-6774-5p	MIMAT0027448	hsa-miR-6774-5p
HSA-MIR-6775-3P	hsa-mir-6775-3p	MIMAT0027451	hsa-miR-6775-3p
HSA-MIR-6775-5P	hsa-mir-6775-5p	MIMAT0027450	hsa-miR-6775-5p
HSA-MIR-6777-3P	hsa-mir-6777-3p	MIMAT0027455	hsa-miR-6777-3p
HSA-MIR-6777-5P	hsa-mir-6777-5p	MIMAT0027454	hsa-miR-6777-5p
HSA-MIR-6778-5P	hsa-mir-6778-5p	MIMAT0027456	hsa-miR-6778-5p
HSA-MIR-6779-3P	hsa-mir-6779-3p	MIMAT0027459	hsa-miR-6779-3p
HSA-MIR-6779-5P	hsa-mir-6779-5p	MIMAT0027458	hsa-miR-6779-5p
HSA-MIR-6780A-3P	hsa-mir-6780a-3p	MIMAT0027461	hsa-miR-6780a-3p
HSA-MIR-6780A-5P	hsa-mir-6780a-5p	MIMAT0027460	hsa-miR-6780a-5p
HSA-MIR-6780B-5P	hsa-mir-6780b-5p	MIMAT0027572	hsa-miR-6780b-5p
HSA-MIR-6781-5P	hsa-mir-6781-5p	MIMAT0027462	hsa-miR-6781-5p
HSA-MIR-6782-5P	hsa-mir-6782-5p	MIMAT0027464	hsa-miR-6782-5p
HSA-MIR-6783-3P	hsa-mir-6783-3p	MIMAT0027467	hsa-miR-6783-3p
HSA-MIR-6783-5P	hsa-mir-6783-5p	MIMAT0027466	hsa-miR-6783-5p
HSA-MIR-6784-5P	hsa-mir-6784-5p	MIMAT0027468	hsa-miR-6784-5p
HSA-MIR-6785-5P	hsa-mir-6785-5p	MIMAT0027470	hsa-miR-6785-5p
HSA-MIR-6786-3P	hsa-mir-6786-3p	MIMAT0027473	hsa-miR-6786-3p
HSA-MIR-6786-5P	hsa-mir-6786-5p	MIMAT0027472	hsa-miR-6786-5p
HSA-MIR-6787-3P	hsa-mir-6787-3p	MIMAT0027475	hsa-miR-6787-3p
HSA-MIR-6787-5P	hsa-mir-6787-5p	MIMAT0027474	hsa-miR-6787-5p
HSA-MIR-6788-5P	hsa-mir-6788-5p	MIMAT0027476	hsa-miR-6788-5p
HSA-MIR-6789-3P	hsa-mir-6789-3p	MIMAT0027479	hsa-miR-6789-3p
HSA-MIR-6789-5P	hsa-mir-6789-5p	MIMAT0027478	hsa-miR-6789-5p
HSA-MIR-6791-3P	hsa-mir-6791-3p	MIMAT0027483	hsa-miR-6791-3p
HSA-MIR-6791-5P	hsa-mir-6791-5p	MIMAT0027482	hsa-miR-6791-5p
HSA-MIR-6794-5P	hsa-mir-6794-5p	MIMAT0027488	hsa-miR-6794-5p
HSA-MIR-6795-3P	hsa-mir-6795-3p	MIMAT0027491	hsa-miR-6795-3p
HSA-MIR-6795-5P	hsa-mir-6795-5p	MIMAT0027490	hsa-miR-6795-5p
HSA-MIR-6796-5P	hsa-mir-6796-5p	MIMAT0027492	hsa-miR-6796-5p
HSA-MIR-6797-5P	hsa-mir-6797-5p	MIMAT0027494	hsa-miR-6797-5p
HSA-MIR-6798-5P	hsa-mir-6798-5p	MIMAT0027496	hsa-miR-6798-5p
HSA-MIR-6799-3P	hsa-mir-6799-3p	MIMAT0027499	hsa-miR-6799-3p
HSA-MIR-6799-5P	hsa-mir-6799-5p	MIMAT0027498	hsa-miR-6799-5p
HSA-MIR-6800-3P	hsa-mir-6800-3p	MIMAT0027501	hsa-miR-6800-3p
HSA-MIR-6801-5P	hsa-mir-6801-5p	MIMAT0027502	hsa-miR-6801-5p
HSA-MIR-6803-5P	hsa-mir-6803-5p	MIMAT0027506	hsa-miR-6803-5p
HSA-MIR-6804-3P	hsa-mir-6804-3p	MIMAT0027509	hsa-miR-6804-3p
HSA-MIR-6804-5P	hsa-mir-6804-5p	MIMAT0027508	hsa-miR-6804-5p
HSA-MIR-6805-5P	hsa-mir-6805-5p	MIMAT0027510	hsa-miR-6805-5p
HSA-MIR-6806-5P	hsa-mir-6806-5p	MIMAT0027512	hsa-miR-6806-5p
HSA-MIR-6808-5P	hsa-mir-6808-5p	MIMAT0027516	hsa-miR-6808-5p
HSA-MIR-6809-3P	hsa-mir-6809-3p	MIMAT0027519	hsa-miR-6809-3p
HSA-MIR-6809-5P	hsa-mir-6809-5p	MIMAT0027518	hsa-miR-6809-5p
HSA-MIR-6811-3P	hsa-mir-6811-3p	MIMAT0027523	hsa-miR-6811-3p
HSA-MIR-6811-5P	hsa-mir-6811-5p	MIMAT0027522	hsa-miR-6811-5p
HSA-MIR-6812-5P	hsa-mir-6812-5p	MIMAT0027524	hsa-miR-6812-5p
HSA-MIR-6813-5P	hsa-mir-6813-5p	MIMAT0027526	hsa-miR-6813-5p
HSA-MIR-6814-5P	hsa-mir-6814-5p	MIMAT0027528	hsa-miR-6814-5p
HSA-MIR-6815-5P	hsa-mir-6815-5p	MIMAT0027530	hsa-miR-6815-5p
HSA-MIR-6816-3P	hsa-mir-6816-3p	MIMAT0027533	hsa-miR-6816-3p
HSA-MIR-6816-5P	hsa-mir-6816-5p	MIMAT0027532	hsa-miR-6816-5p
HSA-MIR-6817-3P	hsa-mir-6817-3p	MIMAT0027535	hsa-miR-6817-3p
HSA-MIR-6818-3P	hsa-mir-6818-3p	MIMAT0027537	hsa-miR-6818-3p
HSA-MIR-6819-3P	hsa-mir-6819-3p	MIMAT0027539	hsa-miR-6819-3p
HSA-MIR-6819-5P	hsa-mir-6819-5p	MIMAT0027538	hsa-miR-6819-5p
HSA-MIR-6820-3P	hsa-mir-6820-3p	MIMAT0027541	hsa-miR-6820-3p
HSA-MIR-6820-5P	hsa-mir-6820-5p	MIMAT0027540	hsa-miR-6820-5p
HSA-MIR-6822-3P	hsa-mir-6822-3p	MIMAT0027545	hsa-miR-6822-3p
HSA-MIR-6823-3P	hsa-mir-6823-3p	MIMAT0027547	hsa-miR-6823-3p
HSA-MIR-6823-5P	hsa-mir-6823-5p	MIMAT0027546	hsa-miR-6823-5p
HSA-MIR-6824-5P	hsa-mir-6824-5p	MIMAT0027548	hsa-miR-6824-5p
HSA-MIR-6825-3P	hsa-mir-6825-3p	MIMAT0027551	hsa-miR-6825-3p
HSA-MIR-6825-5P	hsa-mir-6825-5p	MIMAT0027550	hsa-miR-6825-5p
HSA-MIR-6826-3P	hsa-mir-6826-3p	MIMAT0027553	hsa-miR-6826-3p
HSA-MIR-6828-5P	hsa-mir-6828-5p	MIMAT0027556	hsa-miR-6828-5p
HSA-MIR-6829-3P	hsa-mir-6829-3p	MIMAT0027559	hsa-miR-6829-3p
HSA-MIR-6829-5P	hsa-mir-6829-5p	MIMAT0027558	hsa-miR-6829-5p
HSA-MIR-6830-5P	hsa-mir-6830-5p	MIMAT0027560	hsa-miR-6830-5p
HSA-MIR-6831-5P	hsa-mir-6831-5p	MIMAT0027562	hsa-miR-6831-5p
HSA-MIR-6832-3P	hsa-mir-6832-3p	MIMAT0027565	hsa-miR-6832-3p
HSA-MIR-6835-5P	hsa-mir-6835-5p	MIMAT0027570	hsa-miR-6835-5p
HSA-MIR-6836-5P	hsa-mir-6836-5p	MIMAT0027574	hsa-miR-6836-5p
HSA-MIR-6837-5P	hsa-mir-6837-5p	MIMAT0027576	hsa-miR-6837-5p
HSA-MIR-6838-5P	hsa-mir-6838-5p	MIMAT0027578	hsa-miR-6838-5p
HSA-MIR-6840-3P	hsa-mir-6840-3p	MIMAT0027583	hsa-miR-6840-3p
HSA-MIR-6840-5P	hsa-mir-6840-5p	MIMAT0027582	hsa-miR-6840-5p
HSA-MIR-6841-5P	hsa-mir-6841-5p	MIMAT0027584	hsa-miR-6841-5p
HSA-MIR-6842-3P	hsa-mir-6842-3p	MIMAT0027587	hsa-miR-6842-3p
HSA-MIR-6842-5P	hsa-mir-6842-5p	MIMAT0027586	hsa-miR-6842-5p
HSA-MIR-6843-3P	hsa-mir-6843-3p	MIMAT0027588	hsa-miR-6843-3p
HSA-MIR-6845-5P	hsa-mir-6845-5p	MIMAT0027590	hsa-miR-6845-5p
HSA-MIR-6846-5P	hsa-mir-6846-5p	MIMAT0027592	hsa-miR-6846-5p
HSA-MIR-6848-3P	hsa-mir-6848-3p	MIMAT0027597	hsa-miR-6848-3p
HSA-MIR-6848-5P	hsa-mir-6848-5p	MIMAT0027596	hsa-miR-6848-5p
HSA-MIR-6849-3P	hsa-mir-6849-3p	MIMAT0027599	hsa-miR-6849-3p
HSA-MIR-6850-3P	hsa-mir-6850-3p	MIMAT0027601	hsa-miR-6850-3p
HSA-MIR-6851-3P	hsa-mir-6851-3p	MIMAT0027603	hsa-miR-6851-3p
HSA-MIR-6851-5P	hsa-mir-6851-5p	MIMAT0027602	hsa-miR-6851-5p
HSA-MIR-6852-3P	hsa-mir-6852-3p	MIMAT0027605	hsa-miR-6852-3p
HSA-MIR-6852-5P	hsa-mir-6852-5p	MIMAT0027604	hsa-miR-6852-5p
HSA-MIR-6853-5P	hsa-mir-6853-5p	MIMAT0027606	hsa-miR-6853-5p
HSA-MIR-6854-3P	hsa-mir-6854-3p	MIMAT0027609	hsa-miR-6854-3p
HSA-MIR-6854-5P	hsa-mir-6854-5p	MIMAT0027608	hsa-miR-6854-5p
HSA-MIR-6855-5P	hsa-mir-6855-5p	MIMAT0027610	hsa-miR-6855-5p
HSA-MIR-6856-3P	hsa-mir-6856-3p	MIMAT0027613	hsa-miR-6856-3p
HSA-MIR-6858-3P	hsa-mir-6858-3p	MIMAT0027617	hsa-miR-6858-3p
HSA-MIR-6860	hsa-mir-6860	MIMAT0027622	hsa-miR-6860
HSA-MIR-6862-5P	hsa-mir-6862-5p	MIMAT0027625	hsa-miR-6862-5p
HSA-MIR-6864-5P	hsa-mir-6864-5p	MIMAT0027628	hsa-miR-6864-5p
HSA-MIR-6865-5P	hsa-mir-6865-5p	MIMAT0027630	hsa-miR-6865-5p
HSA-MIR-6866-3P	hsa-mir-6866-3p	MIMAT0027633	hsa-miR-6866-3p
HSA-MIR-6867-3P	hsa-mir-6867-3p	MIMAT0027635	hsa-miR-6867-3p
HSA-MIR-6867-5P	hsa-mir-6867-5p	MIMAT0027634	hsa-miR-6867-5p
HSA-MIR-6868-3P	hsa-mir-6868-3p	MIMAT0027637	hsa-miR-6868-3p
HSA-MIR-6868-5P	hsa-mir-6868-5p	MIMAT0027636	hsa-miR-6868-5p
HSA-MIR-6869-3P	hsa-mir-6869-3p	MIMAT0027639	hsa-miR-6869-3p
HSA-MIR-6870-5P	hsa-mir-6870-5p	MIMAT0027640	hsa-miR-6870-5p
HSA-MIR-6871-5P	hsa-mir-6871-5p	MIMAT0027642	hsa-miR-6871-5p
HSA-MIR-6875-5P	hsa-mir-6875-5p	MIMAT0027650	hsa-miR-6875-5p
HSA-MIR-6876-5P	hsa-mir-6876-5p	MIMAT0027652	hsa-miR-6876-5p
HSA-MIR-6877-3P	hsa-mir-6877-3p	MIMAT0027655	hsa-miR-6877-3p
HSA-MIR-6877-5P	hsa-mir-6877-5p	MIMAT0027654	hsa-miR-6877-5p
HSA-MIR-6878-3P	hsa-mir-6878-3p	MIMAT0027657	hsa-miR-6878-3p
HSA-MIR-6879-5P	hsa-mir-6879-5p	MIMAT0027658	hsa-miR-6879-5p
HSA-MIR-6880-5P	hsa-mir-6880-5p	MIMAT0027660	hsa-miR-6880-5p
HSA-MIR-6881-5P	hsa-mir-6881-5p	MIMAT0027662	hsa-miR-6881-5p
HSA-MIR-6882-3P	hsa-mir-6882-3p	MIMAT0027665	hsa-miR-6882-3p
HSA-MIR-6882-5P	hsa-mir-6882-5p	MIMAT0027664	hsa-miR-6882-5p
HSA-MIR-6883-5P	hsa-mir-6883-5p	MIMAT0027666	hsa-miR-6883-5p
HSA-MIR-6885-5P	hsa-mir-6885-5p	MIMAT0027670	hsa-miR-6885-5p
HSA-MIR-6886-3P	hsa-mir-6886-3p	MIMAT0027673	hsa-miR-6886-3p
HSA-MIR-6887-5P	hsa-mir-6887-5p	MIMAT0027674	hsa-miR-6887-5p
HSA-MIR-6889-3P	hsa-mir-6889-3p	MIMAT0027679	hsa-miR-6889-3p
HSA-MIR-6889-5P	hsa-mir-6889-5p	MIMAT0027678	hsa-miR-6889-5p
HSA-MIR-6890-5P	hsa-mir-6890-5p	MIMAT0027680	hsa-miR-6890-5p
HSA-MIR-6891-5P	hsa-mir-6891-5p	MIMAT0027682	hsa-miR-6891-5p
HSA-MIR-6893-5P	hsa-mir-6893-5p	MIMAT0027686	hsa-miR-6893-5p
HSA-MIR-6894-5P	hsa-mir-6894-5p	MIMAT0027688	hsa-miR-6894-5p
HSA-MIR-6895-3P	hsa-mir-6895-3p	MIMAT0027691	hsa-miR-6895-3p
HSA-MIR-6895-5P	hsa-mir-6895-5p	MIMAT0027690	hsa-miR-6895-5p
HSA-MIR-7106-5P	hsa-mir-7106-5p	MIMAT0028109	hsa-miR-7106-5p
HSA-MIR-7109-5P	hsa-mir-7109-5p	MIMAT0028115	hsa-miR-7109-5p
HSA-MIR-711	hsa-mir-711	MIMAT0012734	hsa-miR-711
HSA-MIR-7110-5P	hsa-mir-7110-5p	MIMAT0028117	hsa-miR-7110-5p
HSA-MIR-7111-5P	hsa-mir-7111-5p	MIMAT0028119	hsa-miR-7111-5p
HSA-MIR-7112-5P	hsa-mir-7112-5p	MIMAT0028121	hsa-miR-7112-5p
HSA-MIR-7113-5P	hsa-mir-7113-5p	MIMAT0028123	hsa-miR-7113-5p
HSA-MIR-7114-3P	hsa-mir-7114-3p	MIMAT0028126	hsa-miR-7114-3p
HSA-MIR-7150	hsa-mir-7150	MIMAT0028211	hsa-miR-7150
HSA-MIR-7151-3P	hsa-mir-7151-3p	MIMAT0028213	hsa-miR-7151-3p
HSA-MIR-7155-3P	hsa-mir-7155-3p	MIMAT0028221	hsa-miR-7155-3p
HSA-MIR-7155-5P	hsa-mir-7155-5p	MIMAT0028220	hsa-miR-7155-5p
HSA-MIR-7156-3P	hsa-mir-7156-3p	MIMAT0028223	hsa-miR-7156-3p
HSA-MIR-7157-3P	hsa-mir-7157-3p	MIMAT0028225	hsa-miR-7157-3p
HSA-MIR-7158-5P	hsa-mir-7158-5p	MIMAT0028226	hsa-miR-7158-5p
HSA-MIR-7160-3P	hsa-mir-7160-3p	MIMAT0028231	hsa-miR-7160-3p
HSA-MIR-744-3P	hsa-mir-744-3p	MIMAT0004946	hsa-miR-744-3p
HSA-MIR-744-5P	hsa-mir-744-5p	MIMAT0004945	hsa-miR-744-5p
HSA-MIR-7515	hsa-mir-7515	MIMAT0029310	hsa-miR-7515
HSA-MIR-758-5P	hsa-mir-758-5p	MIMAT0022929	hsa-miR-758-5p
HSA-MIR-7-5P	hsa-mir-7-5p	MIMAT0000252	hsa-miR-7-5p
HSA-MIR-760	hsa-mir-760	MIMAT0004957	hsa-miR-760
HSA-MIR-761	hsa-mir-761	MIMAT0010364	hsa-miR-761
HSA-MIR-762	hsa-mir-762	MIMAT0010313	hsa-miR-762
HSA-MIR-764	hsa-mir-764	MIMAT0010367	hsa-miR-764
HSA-MIR-766-3P	hsa-mir-766-3p	MIMAT0003888	hsa-miR-766-3p
HSA-MIR-767-3P	hsa-mir-767-3p	MIMAT0003883	hsa-miR-767-3p
HSA-MIR-767-5P	hsa-mir-767-5p	MIMAT0003882	hsa-miR-767-5p
HSA-MIR-7703	hsa-mir-7703	MIMAT0030018	hsa-miR-7703
HSA-MIR-7704	hsa-mir-7704	MIMAT0030019	hsa-miR-7704
HSA-MIR-7843-5P	hsa-mir-7843-5p	MIMAT0030411	hsa-miR-7843-5p
HSA-MIR-7847-3P	hsa-mir-7847-3p	MIMAT0030422	hsa-miR-7847-3p
HSA-MIR-7849-3P	hsa-mir-7849-3p	MIMAT0030424	hsa-miR-7849-3p
HSA-MIR-7851-3P	hsa-mir-7851-3p	MIMAT0030426	hsa-miR-7851-3p
HSA-MIR-7854-3P	hsa-mir-7854-3p	MIMAT0030429	hsa-miR-7854-3p
HSA-MIR-7974	hsa-mir-7974	MIMAT0031177	hsa-miR-7974
HSA-MIR-7976	hsa-mir-7976	MIMAT0031179	hsa-miR-7976
HSA-MIR-7977	hsa-mir-7977	MIMAT0031180	hsa-miR-7977
HSA-MIR-8060	hsa-mir-8060	MIMAT0030987	hsa-miR-8060
HSA-MIR-8071	hsa-mir-8071	MIMAT0030998	hsa-miR-8071
HSA-MIR-8072	hsa-mir-8072	MIMAT0030999	hsa-miR-8072
HSA-MIR-8082	hsa-mir-8082	MIMAT0031009	hsa-miR-8082
HSA-MIR-8083	hsa-mir-8083	MIMAT0031010	hsa-miR-8083
HSA-MIR-8085	hsa-mir-8085	MIMAT0031012	hsa-miR-8085
HSA-MIR-8089	hsa-mir-8089	MIMAT0031016	hsa-miR-8089
HSA-MIR-873-5P	hsa-mir-873-5p	MIMAT0004953	hsa-miR-873-5p
HSA-MIR-874-3P	hsa-mir-874-3p	MIMAT0004911	hsa-miR-874-3p
HSA-MIR-874-5P	hsa-mir-874-5p	MIMAT0026718	hsa-miR-874-5p
HSA-MIR-875-5P	hsa-mir-875-5p	MIMAT0004922	hsa-miR-875-5p
HSA-MIR-876-3P	hsa-mir-876-3p	MIMAT0004925	hsa-miR-876-3p
HSA-MIR-885-3P	hsa-mir-885-3p	MIMAT0004948	hsa-miR-885-3p
HSA-MIR-889-5P	hsa-mir-889-5p	MIMAT0026719	hsa-miR-889-5p
HSA-MIR-892C-3P	hsa-mir-892c-3p	MIMAT0025858	hsa-miR-892c-3p
HSA-MIR-892C-5P	hsa-mir-892c-5p	MIMAT0025857	hsa-miR-892c-5p
HSA-MIR-920	hsa-mir-920	MIMAT0004970	hsa-miR-920
HSA-MIR-92A-2-5P	hsa-mir-92a-2-5p	MIMAT0004508	hsa-miR-92a-2-5p
HSA-MIR-92B-5P	hsa-mir-92b-5p	MIMAT0004792	hsa-miR-92b-5p
HSA-MIR-933	hsa-mir-933	MIMAT0004976	hsa-miR-933
HSA-MIR-939-3P	hsa-mir-939-3p	MIMAT0022939	hsa-miR-939-3p
HSA-MIR-939-5P	hsa-mir-939-5p	MIMAT0004982	hsa-miR-939-5p
HSA-MIR-9-3P	hsa-mir-9-3p	MIMAT0000442	hsa-miR-9-3p
HSA-MIR-940	hsa-mir-940	MIMAT0004983	hsa-miR-940
HSA-MIR-941	hsa-mir-941	MIMAT0004984	hsa-miR-941
HSA-MIR-942-5P	hsa-mir-942-5p	MIMAT0004985	hsa-miR-942-5p
HSA-MIR-943	hsa-mir-943	MIMAT0004986	hsa-miR-943
HSA-MIR-9-5P	hsa-mir-9-5p	MIMAT0000441	hsa-miR-9-5p
HSA-MIR-99A-3P	hsa-mir-99a-3p	MIMAT0004511	hsa-miR-99a-3p
HSA-MIR-99A-5P	hsa-mir-99a-5p	MIMAT0000097	hsa-miR-99a-5p
HSA-MIR-99B-3P	hsa-mir-99b-3p	MIMAT0004678	hsa-miR-99b-3p
HSA-MIR-99B-5P	hsa-mir-99b-5p	MIMAT0000689	hsa-miR-99b-5p
